25,-2.2263,1,1,1
25.201,-2.0158,2,1,1
25,-1.5217,2,2,1
25.404,-1.7963,3,1,1
25.189,-1.3251,3,2,1
25.608,-1.5694,4,1,1
25.368,-1.1311,4,2,1
25.812,-1.3361,5,1,1
25.54,-0.93935,5,2,1
26.017,-1.0975,6,1,1
25.705,-0.74981,6,2,1
26.223,-0.85429,7,1,1
25.865,-0.56287,7,2,1
25,-3.5189,7,3,1
26.426,-0.60556,8,1,1
26.024,-0.37921,8,2,1
25.2,-3.3203,8,3,1
50,26.354,8,4,1
26.628,-0.35182,9,1,1
26.18,-0.19843,9,2,1
25.401,-3.1228,9,3,1
49.782,26.132,9,4,1
26.827,-0.093289,10,1,1
26.335,-0.020159,10,2,1
25.602,-2.9262,10,3,1
49.55,25.892,10,4,1
27.022,0.17032,11,1,1
26.489,0.15592,11,2,1
25.803,-2.7305,11,3,1
49.304,25.637,11,4,1
50,27.143,11,5,1
27.211,0.43967,12,1,1
26.641,0.33008,12,2,1
26.004,-2.5355,12,3,1
49.034,25.388,12,4,1
49.781,26.932,12,5,1
27.392,0.7153,13,1,1
26.793,0.50258,13,2,1
26.206,-2.3411,13,3,1
48.742,25.143,13,4,1
49.545,26.713,13,5,1
50,26.77,13,6,1
27.564,0.9975,14,1,1
26.945,0.67363,14,2,1
26.407,-2.1471,14,3,1
48.432,24.905,14,4,1
49.314,26.47,14,5,1
49.787,26.547,14,6,1
27.724,1.2863,15,1,1
27.096,0.84343,15,2,1
26.609,-1.9536,15,3,1
48.106,24.669,15,4,1
49.086,26.209,15,5,1
49.564,26.303,15,6,1
27.871,1.5815,16,1,1
27.247,1.0121,16,2,1
26.811,-1.7605,16,3,1
47.77,24.433,16,4,1
48.861,25.932,16,5,1
49.332,26.044,16,6,1
28.005,1.8827,17,1,1
27.397,1.1799,17,2,1
27.012,-1.5676,17,3,1
47.426,24.195,17,4,1
48.637,25.643,17,5,1
49.092,25.77,17,6,1
50,22.655,17,7,1
28.125,2.1894,18,1,1
27.548,1.3468,18,2,1
27.214,-1.375,18,3,1
47.076,23.954,18,4,1
48.412,25.343,18,5,1
48.846,25.484,18,6,1
49.761,22.424,18,7,1
28.23,2.5009,19,1,1
27.698,1.513,19,2,1
27.416,-1.1827,19,3,1
46.722,23.71,19,4,1
48.187,25.035,19,5,1
48.595,25.188,19,6,1
49.49,22.168,19,7,1
28.322,2.8166,20,1,1
27.848,1.6786,20,2,1
27.618,-0.99049,20,3,1
46.364,23.462,20,4,1
47.96,24.722,20,5,1
48.339,24.884,20,6,1
49.191,21.89,20,7,1
28.402,3.1359,21,1,1
27.998,1.8437,21,2,1
27.82,-0.79847,21,3,1
46.004,23.211,21,4,1
47.731,24.404,21,5,1
48.079,24.572,21,6,1
48.869,21.593,21,7,1
28.47,3.4583,22,1,1
28.148,2.0082,22,2,1
28.023,-0.60657,22,3,1
45.643,22.956,22,4,1
47.499,24.083,22,5,1
47.817,24.255,22,6,1
48.527,21.282,22,7,1
28.528,3.7833,23,1,1
28.299,2.1724,23,2,1
28.225,-0.41479,23,3,1
45.281,22.697,23,4,1
47.263,23.76,23,5,1
47.552,23.932,23,6,1
48.168,20.957,23,7,1
50,26.838,23,8,1
28.577,4.1104,24,1,1
28.449,2.3362,24,2,1
28.427,-0.2231,24,3,1
44.917,22.436,24,4,1
47.024,23.435,24,5,1
47.291,23.601,24,6,1
47.796,20.621,24,7,1
49.8,26.631,24,8,1
50,22.861,24,9,1
28.619,4.4393,25,1,1
28.599,2.4997,25,2,1
28.629,-0.031499,25,3,1
44.554,22.172,25,4,1
46.785,23.107,25,5,1
47.034,23.262,25,6,1
47.4,20.294,25,7,1
49.6,26.418,25,8,1
49.777,22.642,25,9,1
28.654,4.7698,26,1,1
28.749,2.6629,26,2,1
28.831,0.16004,26,3,1
44.19,21.904,26,4,1
46.548,22.775,26,5,1
46.779,22.916,26,6,1
46.984,19.973,26,7,1
49.399,26.2,26,8,1
49.535,22.408,26,9,1
50,26.853,26,10,1
28.683,5.1017,27,1,1
28.899,2.8259,27,2,1
29.034,0.35152,27,3,1
43.828,21.633,27,4,1
46.314,22.438,27,5,1
46.528,22.566,27,6,1
46.553,19.654,27,7,1
49.21,25.971,27,8,1
49.277,22.16,27,9,1
49.79,26.638,27,10,1
28.708,5.4346,28,1,1
29.049,2.9887,28,2,1
29.236,0.54294,28,3,1
43.466,21.36,28,4,1
46.084,22.098,28,5,1
46.28,22.21,28,6,1
46.111,19.336,28,7,1
49.026,25.735,28,8,1
49.005,21.901,28,9,1
49.572,26.411,28,10,1
28.73,5.7684,29,1,1
29.2,3.1513,29,2,1
29.438,0.73433,29,3,1
43.106,21.082,29,4,1
45.858,21.753,29,5,1
46.036,21.849,29,6,1
45.658,19.017,29,7,1
48.841,25.496,29,8,1
48.722,21.633,29,9,1
49.346,26.172,29,10,1
28.748,6.103,30,1,1
29.35,3.3137,30,2,1
29.641,0.92568,30,3,1
42.748,20.801,30,4,1
45.631,21.407,30,5,1
45.795,21.483,30,6,1
45.199,18.698,30,7,1
48.658,25.253,30,8,1
48.429,21.356,30,9,1
49.115,25.925,30,10,1
25,0.025734,30,11,1
28.764,6.4382,31,1,1
29.502,3.4739,31,2,1
29.843,1.117,31,3,1
42.386,20.524,31,4,1
45.402,21.062,31,5,1
45.557,21.115,31,6,1
44.733,18.377,31,7,1
48.48,25.005,31,8,1
48.128,21.073,31,9,1
48.879,25.67,31,10,1
25.193,0.22525,31,11,1
28.778,6.774,32,1,1
29.656,3.6328,32,2,1
30.045,1.3083,32,3,1
42.022,20.248,32,4,1
45.174,20.715,32,5,1
45.322,20.743,32,6,1
44.263,18.055,32,7,1
48.307,24.751,32,8,1
47.82,20.785,32,9,1
48.638,25.409,32,10,1
25.379,0.42438,32,11,1
50,28.727,32,12,1
28.79,7.1103,33,1,1
29.81,3.7909,33,2,1
30.248,1.4996,33,3,1
41.658,19.972,33,4,1
44.948,20.366,33,5,1
45.089,20.367,33,6,1
43.789,17.731,33,7,1
48.139,24.493,33,8,1
47.506,20.492,33,9,1
48.39,25.147,33,10,1
25.56,0.6232,33,11,1
49.789,28.507,33,12,1
28.801,7.447,34,1,1
29.965,3.9489,34,2,1
30.45,1.6908,34,3,1
41.294,19.695,34,4,1
44.724,20.016,34,5,1
44.861,19.989,34,6,1
43.313,17.404,34,7,1
47.974,24.231,34,8,1
47.187,20.194,34,9,1
48.135,24.883,34,10,1
25.736,0.82176,34,11,1
49.569,28.27,34,12,1
25,-6.8588,34,13,1
28.812,7.7839,35,1,1
30.119,4.1069,35,2,1
30.653,1.8817,35,3,1
40.93,19.416,35,4,1
44.503,19.663,35,5,1
44.635,19.608,35,6,1
42.835,17.076,35,7,1
47.812,23.966,35,8,1
46.864,19.894,35,9,1
47.876,24.617,35,10,1
25.909,1.0201,35,11,1
49.341,28.019,35,12,1
25.215,-6.6336,35,13,1
28.823,8.1212,36,1,1
30.273,4.2653,36,2,1
30.855,2.0723,36,3,1
40.568,19.136,36,4,1
44.285,19.308,36,5,1
44.412,19.224,36,6,1
42.355,16.745,36,7,1
47.649,23.701,36,8,1
46.537,19.59,36,9,1
47.614,24.349,36,10,1
26.078,1.2183,36,11,1
49.106,27.756,36,12,1
25.442,-6.3873,36,13,1
28.833,8.4586,37,1,1
30.426,4.4242,37,2,1
31.059,2.2625,37,3,1
40.208,18.852,37,4,1
44.069,18.95,37,5,1
44.19,18.839,37,6,1
41.873,16.413,37,7,1
47.483,23.436,37,8,1
46.208,19.285,37,9,1
47.351,24.077,37,10,1
26.245,1.4164,37,11,1
48.866,27.482,37,12,1
25.681,-6.123,37,13,1
28.843,8.7963,38,1,1
30.58,4.5833,38,2,1
31.263,2.4522,38,3,1
39.849,18.567,38,4,1
43.855,18.592,38,5,1
43.969,18.454,38,6,1
41.391,16.079,38,7,1
47.314,23.173,38,8,1
45.876,18.977,38,9,1
47.086,23.803,38,10,1
26.409,1.6144,38,11,1
48.621,27.201,38,12,1
25.927,-5.8436,38,13,1
28.854,9.134,39,1,1
30.732,4.7428,39,2,1
31.467,2.6413,39,3,1
39.492,18.278,39,4,1
43.642,18.232,39,5,1
43.747,18.068,39,6,1
40.909,15.743,39,7,1
47.141,22.912,39,8,1
45.542,18.667,39,9,1
46.822,23.526,39,10,1
26.571,1.8123,39,11,1
48.372,26.912,39,12,1
26.182,-5.5515,39,13,1
28.865,9.4719,40,1,1
30.885,4.9025,40,2,1
31.671,2.83,40,3,1
39.138,17.986,40,4,1
43.429,17.872,40,5,1
43.524,17.682,40,6,1
40.426,15.405,40,7,1
46.963,22.654,40,8,1
45.206,18.357,40,9,1
46.557,23.247,40,10,1
26.732,2.0101,40,11,1
48.121,26.617,40,12,1
26.442,-5.2486,40,13,1
28.877,9.8099,41,1,1
31.037,5.0624,41,2,1
31.877,3.0181,41,3,1
38.788,17.69,41,4,1
43.216,17.511,41,5,1
43.3,17.296,41,6,1
39.943,15.066,41,7,1
46.781,22.398,41,8,1
44.869,18.045,41,9,1
46.293,22.964,41,10,1
26.891,2.2079,41,11,1
47.866,26.317,41,12,1
26.708,-4.9367,41,13,1
50,25.537,41,14,1
28.889,10.148,42,1,1
31.189,5.2224,42,2,1
32.082,3.2057,42,3,1
38.449,17.382,42,4,1
43.003,17.15,42,5,1
43.073,16.912,42,6,1
39.46,14.726,42,7,1
46.596,22.145,42,8,1
44.53,17.732,42,9,1
46.03,22.679,42,10,1
27.049,2.4057,42,11,1
47.609,26.012,42,12,1
26.979,-4.6171,42,13,1
49.763,25.314,42,14,1
50,31.699,42,15,1
28.903,10.486,43,1,1
31.341,5.3826,43,2,1
32.288,3.3928,43,3,1
38.12,17.065,43,4,1
42.79,16.789,43,5,1
42.844,16.529,43,6,1
38.977,14.384,43,7,1
46.407,21.894,43,8,1
44.191,17.418,43,9,1
45.767,22.392,43,10,1
27.206,2.6034,43,11,1
47.347,25.707,43,12,1
27.253,-4.291,43,13,1
49.495,25.071,43,14,1
49.779,31.467,43,15,1
28.917,10.824,44,1,1
31.493,5.5428,44,2,1
32.495,3.5795,44,3,1
37.791,16.747,44,4,1
42.576,16.428,44,5,1
42.613,16.147,44,6,1
38.494,14.041,44,7,1
46.214,21.645,44,8,1
43.85,17.103,44,9,1
45.504,22.104,44,10,1
27.363,2.8011,44,11,1
47.081,25.401,44,12,1
27.53,-3.9595,44,13,1
49.201,24.812,44,14,1
49.541,31.21,44,15,1
28.933,11.162,45,1,1
31.645,5.7031,45,2,1
32.702,3.7657,45,3,1
37.462,16.428,45,4,1
42.362,16.067,45,5,1
42.379,15.767,45,6,1
38.012,13.696,45,7,1
46.021,21.397,45,8,1
43.508,16.789,45,9,1
45.239,21.816,45,10,1
27.518,2.9988,45,11,1
46.812,25.093,45,12,1
27.81,-3.6234,45,13,1
48.884,24.54,45,14,1
49.288,30.929,45,15,1
28.95,11.5,46,1,1
31.797,5.8634,46,2,1
32.909,3.9515,46,3,1
37.133,16.109,46,4,1
42.147,15.707,46,5,1
42.143,15.388,46,6,1
37.529,13.351,46,7,1
45.826,21.15,46,8,1
43.166,16.473,46,9,1
44.974,21.528,46,10,1
27.673,3.1965,46,11,1
46.54,24.785,46,12,1
28.092,-3.2834,46,13,1
48.549,24.256,46,14,1
49.023,30.63,46,15,1
28.969,11.838,47,1,1
31.949,6.0237,47,2,1
33.117,4.1369,47,3,1
36.804,15.79,47,4,1
41.931,15.347,47,5,1
41.904,15.01,47,6,1
37.047,13.005,47,7,1
45.631,20.903,47,8,1
42.824,16.157,47,9,1
44.706,21.241,47,10,1
27.828,3.3942,47,11,1
46.267,24.475,47,12,1
28.375,-2.9401,47,13,1
48.198,23.962,47,14,1
48.748,30.315,47,15,1
50,13.111,47,16,1
28.99,12.176,48,1,1
32.101,6.184,48,2,1
33.325,4.3218,48,3,1
36.476,15.47,48,4,1
41.713,14.988,48,5,1
41.663,14.634,48,6,1
36.565,12.658,48,7,1
45.435,20.656,48,8,1
42.481,15.84,48,9,1
44.437,20.955,48,10,1
27.982,3.5919,48,11,1
45.995,24.162,48,12,1
28.661,-2.5941,48,13,1
47.834,23.661,48,14,1
48.464,29.987,48,15,1
49.804,12.926,48,16,1
50,29.857,48,17,1
29.012,12.514,49,1,1
32.252,6.3443,49,2,1
33.533,4.5064,49,3,1
36.146,15.15,49,4,1
41.494,14.63,49,5,1
41.415,14.263,49,6,1
36.083,12.31,49,7,1
45.238,20.409,49,8,1
42.138,15.523,49,9,1
44.167,20.669,49,10,1
28.135,3.7896,49,11,1
45.726,23.845,49,12,1
28.947,-2.2457,49,13,1
47.458,23.352,49,14,1
48.172,29.647,49,15,1
49.611,12.752,49,16,1
49.798,29.645,49,17,1
29.073,12.832,50,1,1
32.404,6.5046,50,2,1
33.742,4.6905,50,3,1
35.817,14.829,50,4,1
41.272,14.274,50,5,1
41.162,13.895,50,6,1
35.602,11.961,50,7,1
45.041,20.162,50,8,1
41.795,15.206,50,9,1
43.896,20.384,50,10,1
28.288,3.9872,50,11,1
45.459,23.524,50,12,1
29.235,-1.8954,50,13,1
47.073,23.038,50,14,1
47.875,29.298,50,15,1
49.422,12.589,50,16,1
49.595,29.424,50,17,1
50,22.137,50,18,1
29.166,13.134,51,1,1
32.556,6.6648,51,2,1
33.951,4.8742,51,3,1
35.499,14.5,51,4,1
41.049,13.919,51,5,1
40.901,13.534,51,6,1
35.121,11.611,51,7,1
44.845,19.915,51,8,1
41.45,14.89,51,9,1
43.625,20.098,51,10,1
28.442,4.1849,51,11,1
45.195,23.2,51,12,1
29.524,-1.5434,51,13,1
46.68,22.719,51,14,1
47.581,28.934,51,15,1
49.234,12.435,51,16,1
49.391,29.194,51,17,1
49.777,21.924,51,18,1
29.285,13.421,52,1,1
32.708,6.825,52,2,1
34.16,5.0575,52,3,1
35.189,14.163,52,4,1
40.823,13.565,52,5,1
40.636,13.175,52,6,1
34.64,11.261,52,7,1
44.649,19.667,52,8,1
41.106,14.573,52,9,1
43.354,19.812,52,10,1
28.594,4.3826,52,11,1
44.933,22.873,52,12,1
29.813,-1.19,52,13,1
46.28,22.396,52,14,1
47.291,28.558,52,15,1
49.049,12.288,52,16,1
49.186,28.958,52,17,1
49.536,21.7,52,18,1
29.428,13.696,53,1,1
32.86,6.9852,53,2,1
34.37,5.2403,53,3,1
34.886,13.82,53,4,1
40.596,13.212,53,5,1
40.364,12.821,53,6,1
34.16,10.91,53,7,1
44.454,19.418,53,8,1
40.763,14.254,53,9,1
43.083,19.525,53,10,1
28.747,4.5802,53,11,1
44.673,22.543,53,12,1
30.103,-0.83536,53,13,1
45.874,22.069,53,14,1
47.004,28.172,53,15,1
48.865,12.148,53,16,1
48.98,28.716,53,17,1
49.277,21.467,53,18,1
29.591,13.961,54,1,1
33.012,7.1453,54,2,1
34.581,5.4226,54,3,1
34.591,13.47,54,4,1
40.362,12.865,54,5,1
40.091,12.469,54,6,1
33.68,10.558,54,7,1
44.26,19.169,54,8,1
40.419,13.935,54,9,1
42.813,19.237,54,10,1
28.899,4.7779,54,11,1
44.415,22.211,54,12,1
30.394,-0.47976,54,13,1
45.464,21.74,54,14,1
46.719,27.776,54,15,1
48.682,12.012,54,16,1
48.774,28.469,54,17,1
49.004,21.228,54,18,1
29.77,14.216,55,1,1
33.164,7.3053,55,2,1
34.791,5.6046,55,3,1
34.301,13.116,55,4,1
40.128,12.518,55,5,1
39.811,12.123,55,6,1
33.201,10.205,55,7,1
44.067,18.919,55,8,1
40.076,13.617,55,9,1
42.545,18.947,55,10,1
29.052,4.9756,55,11,1
44.16,21.877,55,12,1
30.685,-0.12332,55,13,1
45.049,21.409,55,14,1
46.436,27.373,55,15,1
48.501,11.882,55,16,1
48.567,28.218,55,17,1
48.717,20.985,55,18,1
29.964,14.464,56,1,1
33.316,7.4653,56,2,1
35.002,5.7862,56,3,1
34.017,12.757,56,4,1
39.893,12.171,56,5,1
39.526,11.78,56,6,1
32.722,9.8519,56,7,1
43.876,18.667,56,8,1
39.732,13.298,56,9,1
42.278,18.657,56,10,1
29.204,5.1733,56,11,1
43.9,21.545,56,12,1
30.976,0.23383,56,13,1
44.632,21.075,56,14,1
46.155,26.964,56,15,1
48.32,11.755,56,16,1
48.359,27.963,56,17,1
48.418,20.739,56,18,1
30.169,14.705,57,1,1
33.469,7.6251,57,2,1
35.214,5.9674,57,3,1
33.737,12.395,57,4,1
39.658,11.825,57,5,1
39.236,11.442,57,6,1
32.243,9.4983,57,7,1
43.685,18.415,57,8,1
39.388,12.979,57,9,1
42.012,18.364,57,10,1
29.356,5.371,57,11,1
43.638,21.215,57,12,1
31.268,0.59159,57,13,1
44.211,20.74,57,14,1
45.876,26.55,57,15,1
48.141,11.631,57,16,1
48.152,27.705,57,17,1
48.109,20.492,57,18,1
30.385,14.94,58,1,1
33.621,7.7851,58,2,1
35.425,6.1481,58,3,1
33.46,12.03,58,4,1
39.414,11.485,58,5,1
38.941,11.108,58,6,1
31.764,9.1447,58,7,1
43.494,18.163,58,8,1
39.043,12.661,58,9,1
41.747,18.07,58,10,1
29.508,5.5686,58,11,1
43.373,20.887,58,12,1
31.56,0.94986,58,13,1
43.787,20.403,58,14,1
45.598,26.131,58,15,1
47.962,11.51,58,16,1
47.944,27.445,58,17,1
47.79,20.244,58,18,1
30.61,15.17,59,1,1
33.773,7.9453,59,2,1
35.637,6.3284,59,3,1
33.187,11.662,59,4,1
39.166,11.149,59,5,1
38.643,10.777,59,6,1
31.285,8.7913,59,7,1
43.304,17.911,59,8,1
38.699,12.342,59,9,1
41.482,17.775,59,10,1
29.66,5.7663,59,11,1
43.106,20.559,59,12,1
31.852,1.3086,59,13,1
43.362,20.065,59,14,1
45.321,25.708,59,15,1
47.783,11.391,59,16,1
47.735,27.182,59,17,1
47.462,19.997,59,18,1
30.842,15.396,60,1,1
33.925,8.1055,60,2,1
35.85,6.5083,60,3,1
32.917,11.291,60,4,1
38.91,10.819,60,5,1
38.341,10.45,60,6,1
30.805,8.4384,60,7,1
43.113,17.659,60,8,1
38.354,12.024,60,9,1
41.218,17.479,60,10,1
29.812,5.964,60,11,1
42.838,20.233,60,12,1
32.145,1.6676,60,13,1
42.941,19.719,60,14,1
45.045,25.283,60,15,1
47.605,11.275,60,16,1
47.527,26.918,60,17,1
47.127,19.751,60,18,1
31.08,15.618,61,1,1
34.077,8.2659,61,2,1
36.063,6.6878,61,3,1
32.649,10.918,61,4,1
38.647,10.495,61,5,1
38.036,10.125,61,6,1
30.325,8.0861,61,7,1
42.922,17.407,61,8,1
38.009,11.705,61,9,1
40.954,17.182,61,10,1
29.964,6.1617,61,11,1
42.569,19.907,61,12,1
32.438,2.027,61,13,1
42.52,19.371,61,14,1
44.77,24.854,61,15,1
47.428,11.16,61,16,1
47.318,26.652,61,17,1
46.786,19.505,61,18,1
31.324,15.837,62,1,1
34.228,8.4263,62,2,1
36.276,6.8668,62,3,1
32.384,10.544,62,4,1
38.383,10.172,62,5,1
37.728,9.804,62,6,1
29.845,7.7346,62,7,1
42.731,17.154,62,8,1
37.664,11.387,62,9,1
40.689,16.885,62,10,1
30.116,6.3594,62,11,1
42.299,19.581,62,12,1
32.73,2.3866,62,13,1
42.093,19.029,62,14,1
44.495,24.424,62,15,1
47.25,11.046,62,16,1
47.11,26.385,62,17,1
46.438,19.262,62,18,1
31.572,16.054,63,1,1
34.38,8.5868,63,2,1
36.489,7.0454,63,3,1
32.12,10.168,63,4,1
38.119,9.8494,63,5,1
37.417,9.4851,63,6,1
29.363,7.3839,63,7,1
42.54,16.902,63,8,1
37.32,11.069,63,9,1
40.424,16.587,63,10,1
30.268,6.5571,63,11,1
42.028,19.256,63,12,1
33.023,2.7464,63,13,1
41.659,18.693,63,14,1
44.221,23.991,63,15,1
47.073,10.934,63,16,1
46.901,26.117,63,17,1
46.085,19.019,63,18,1
31.824,16.268,64,1,1
34.531,8.7473,64,2,1
36.703,7.2236,64,3,1
31.858,9.7907,64,4,1
37.854,9.5272,64,5,1
37.104,9.1685,64,6,1
28.882,7.0339,64,7,1
42.35,16.65,64,8,1
36.974,10.75,64,9,1
40.159,16.29,64,10,1
30.419,6.7548,64,11,1
41.757,18.931,64,12,1
33.316,3.1065,64,13,1
41.219,18.364,64,14,1
43.947,23.558,64,15,1
46.896,10.822,64,16,1
46.692,25.848,64,17,1
45.728,18.779,64,18,1
32.079,16.48,65,1,1
34.683,8.9079,65,2,1
36.918,7.4014,65,3,1
31.598,9.4122,65,4,1
37.588,9.2053,65,5,1
36.79,8.854,65,6,1
28.399,6.6842,65,7,1
42.159,16.397,65,8,1
36.629,10.432,65,9,1
39.894,15.992,65,10,1
30.567,6.9552,65,11,1
41.486,18.606,65,12,1
33.609,3.4666,65,13,1
40.774,18.041,65,14,1
43.673,23.122,65,15,1
46.72,10.712,65,16,1
46.483,25.578,65,17,1
45.366,18.54,65,18,1
32.337,16.69,66,1,1
34.834,9.0686,66,2,1
37.132,7.5788,66,3,1
31.339,9.0327,66,4,1
37.315,8.8904,66,5,1
36.474,8.5413,66,6,1
27.928,6.3221,66,7,1
41.97,16.144,66,8,1
36.284,10.114,66,9,1
39.628,15.694,66,10,1
30.71,7.1587,66,11,1
41.214,18.281,66,12,1
33.902,3.827,66,13,1
40.324,17.723,66,14,1
43.4,22.686,66,15,1
46.543,10.602,66,16,1
46.274,25.308,66,17,1
45.001,18.302,66,18,1
32.598,16.899,67,1,1
34.986,9.2293,67,2,1
37.347,7.7559,67,3,1
31.08,8.6523,67,4,1
37.035,8.5819,67,5,1
36.156,8.2307,67,6,1
27.466,5.9498,67,7,1
41.78,15.891,67,8,1
35.939,9.7956,67,9,1
39.362,15.396,67,10,1
30.849,7.3646,67,11,1
40.943,17.956,67,12,1
34.195,4.1874,67,13,1
39.87,17.412,67,14,1
43.126,22.249,67,15,1
46.367,10.492,67,16,1
46.065,25.037,67,17,1
44.633,18.066,67,18,1
32.86,17.106,68,1,1
35.137,9.39,68,2,1
37.562,7.933,68,3,1
30.823,8.2711,68,4,1
36.749,8.2792,68,5,1
35.837,7.9221,68,6,1
27.011,5.5689,68,7,1
41.591,15.637,68,8,1
35.594,9.4774,68,9,1
39.095,15.098,68,10,1
30.986,7.572,68,11,1
40.671,17.631,68,12,1
34.488,4.5479,68,13,1
39.412,17.105,68,14,1
42.853,21.811,68,15,1
46.191,10.384,68,16,1
45.856,24.765,68,17,1
44.262,17.832,68,18,1
33.125,17.312,69,1,1
35.289,9.5502,69,2,1
37.776,8.1113,69,3,1
30.567,7.8893,69,4,1
36.457,7.9821,69,5,1
35.517,7.6157,69,6,1
26.562,5.1809,69,7,1
41.402,15.383,69,8,1
35.248,9.1591,69,9,1
38.828,14.799,69,10,1
31.122,7.7799,69,11,1
40.399,17.306,69,12,1
34.782,4.9085,69,13,1
38.951,16.802,69,14,1
42.58,21.373,69,15,1
46.014,10.275,69,16,1
45.647,24.494,69,17,1
43.888,17.599,69,18,1
33.39,17.518,70,1,1
35.444,9.7068,70,2,1
37.988,8.2912,70,3,1
30.312,7.5068,70,4,1
36.171,7.6795,70,5,1
35.196,7.3118,70,6,1
26.118,4.7869,70,7,1
41.215,15.129,70,8,1
34.893,8.8548,70,9,1
38.561,14.501,70,10,1
31.255,7.9899,70,11,1
40.127,16.981,70,12,1
35.075,5.2692,70,13,1
38.486,16.504,70,14,1
42.306,20.934,70,15,1
45.838,10.167,70,16,1
45.438,24.221,70,17,1
43.512,17.367,70,18,1
33.657,17.722,71,1,1
35.605,9.856,71,2,1
38.199,8.4728,71,3,1
30.102,7.1123,71,4,1
35.895,7.3682,71,5,1
34.872,7.0107,71,6,1
25.679,4.3878,71,7,1
41.028,14.874,71,8,1
34.521,8.612,71,9,1
38.294,14.202,71,10,1
31.371,8.206,71,11,1
39.855,16.656,71,12,1
35.368,5.6299,71,13,1
38.019,16.209,71,14,1
42.033,20.495,71,15,1
45.662,10.06,71,16,1
45.229,23.949,71,17,1
43.135,17.136,71,18,1
33.925,17.926,72,1,1
35.773,9.995,72,2,1
38.409,8.6559,72,3,1
29.929,6.7076,72,4,1
35.619,7.0569,72,5,1
34.54,6.7187,72,6,1
40.841,14.618,72,8,1
34.134,8.4155,72,9,1
38.027,13.904,72,10,1
31.466,8.4272,72,11,1
39.582,16.331,72,12,1
35.661,5.9907,72,13,1
37.549,15.918,72,14,1
41.759,20.056,72,15,1
45.486,9.9523,72,16,1
45.02,23.676,72,17,1
42.755,16.906,72,18,1
34.194,18.13,73,1,1
35.947,10.124,73,2,1
38.618,8.8401,73,3,1
29.781,6.2941,73,4,1
35.343,6.745,73,5,1
34.207,6.4291,73,6,1
40.655,14.362,73,8,1
33.734,8.2412,73,9,1
37.759,13.605,73,10,1
31.548,8.6529,73,11,1
39.31,16.007,73,12,1
35.952,6.3533,73,13,1
37.078,15.629,73,14,1
41.485,19.616,73,15,1
45.31,9.8451,73,16,1
44.81,23.403,73,17,1
42.375,16.677,73,18,1
34.464,18.332,74,1,1
36.125,10.247,74,2,1
38.825,9.0254,74,3,1
29.648,5.8738,74,4,1
35.065,6.434,74,5,1
33.873,6.1419,74,6,1
40.47,14.105,74,8,1
33.325,8.0821,74,9,1
37.491,13.306,74,10,1
31.623,8.882,74,11,1
39.038,15.682,74,12,1
36.234,6.7225,74,13,1
36.604,15.343,74,14,1
41.211,19.177,74,15,1
45.134,9.7382,74,16,1
44.601,23.13,74,17,1
41.992,16.449,74,18,1
34.735,18.535,75,1,1
36.305,10.368,75,2,1
39.032,9.2122,75,3,1
29.524,5.4481,75,4,1
34.786,6.1222,75,5,1
33.536,5.8572,75,6,1
40.286,13.848,75,8,1
32.907,7.9332,75,9,1
37.223,13.007,75,10,1
31.693,9.1134,75,11,1
38.765,15.357,75,12,1
36.482,7.106,75,13,1
36.129,15.06,75,14,1
40.936,18.737,75,15,1
44.958,9.6314,75,16,1
44.392,22.857,75,17,1
41.609,16.222,75,18,1
35.006,18.736,76,1,1
36.484,10.491,76,2,1
39.235,9.4026,76,3,1
29.405,5.0185,76,4,1
34.508,5.8098,76,5,1
33.198,5.5754,76,6,1
40.102,13.591,76,8,1
32.483,7.7907,76,9,1
36.955,12.708,76,10,1
31.762,9.3464,76,11,1
38.493,15.032,76,12,1
36.702,7.5016,76,13,1
35.652,14.779,76,14,1
40.662,18.298,76,15,1
44.782,9.5247,76,16,1
44.183,22.583,76,17,1
41.225,15.995,76,18,1
35.277,18.938,77,1,1
36.656,10.622,77,2,1
39.434,9.5966,77,3,1
29.288,4.5861,77,4,1
34.229,5.4968,77,5,1
32.857,5.2971,77,6,1
39.918,13.334,77,8,1
32.055,7.6522,77,9,1
36.687,12.409,77,10,1
31.832,9.5799,77,11,1
38.22,14.708,77,12,1
36.902,7.9066,77,13,1
35.174,14.5,77,14,1
40.387,17.858,77,15,1
44.606,9.4182,77,16,1
43.974,22.31,77,17,1
40.84,15.769,77,18,1
35.549,19.139,78,1,1
36.819,10.763,78,2,1
39.63,9.7932,78,3,1
29.169,4.152,78,4,1
33.949,5.1845,78,5,1
32.512,5.0235,78,6,1
39.735,13.076,78,8,1
31.622,7.5161,78,9,1
36.418,12.109,78,10,1
31.906,9.8132,78,11,1
37.947,14.383,78,12,1
37.089,8.3186,78,13,1
34.694,14.223,78,14,1
40.111,17.419,78,15,1
44.431,9.3117,78,16,1
43.765,22.036,78,17,1
40.455,15.544,78,18,1
35.821,19.34,79,1,1
36.97,10.913,79,2,1
39.825,9.9915,79,3,1
29.048,3.7171,79,4,1
33.665,4.8754,79,5,1
32.155,4.7709,79,6,1
39.552,12.817,79,8,1
31.187,7.3808,79,9,1
36.15,11.81,79,10,1
31.984,10.045,79,11,1
37.674,14.059,79,12,1
37.27,8.7354,79,13,1
34.214,13.947,79,14,1
39.835,16.98,79,15,1
44.255,9.2054,79,16,1
43.556,21.763,79,17,1
40.068,15.318,79,18,1
36.094,19.541,80,1,1
37.107,11.073,80,2,1
40.018,10.191,80,3,1
28.896,3.298,80,4,1
33.376,4.5715,80,5,1
31.787,4.536,80,6,1
39.37,12.559,80,8,1
30.749,7.2449,80,9,1
35.881,11.511,80,10,1
32.069,10.275,80,11,1
37.401,13.735,80,12,1
37.447,9.1553,80,13,1
33.733,13.672,80,14,1
39.559,16.541,80,15,1
44.079,9.0991,80,16,1
43.346,21.489,80,17,1
39.682,15.093,80,18,1
36.366,19.742,81,1,1
37.233,11.241,81,2,1
40.211,10.391,81,3,1
28.717,2.8925,81,4,1
33.08,4.2748,81,5,1
31.411,4.3155,81,6,1
39.188,12.3,81,8,1
30.31,7.1075,81,9,1
35.612,11.212,81,10,1
32.169,10.497,81,11,1
37.127,13.41,81,12,1
37.625,9.5769,81,13,1
33.251,13.399,81,14,1
39.282,16.102,81,15,1
43.903,8.9929,81,16,1
43.137,21.215,81,17,1
39.295,14.869,81,18,1
36.639,19.942,82,1,1
37.349,11.415,82,2,1
40.404,10.591,82,3,1
28.516,2.4994,82,4,1
32.767,4.042,82,5,1
31.027,4.1065,82,6,1
39.007,12.041,82,8,1
29.87,6.9684,82,9,1
35.343,10.913,82,10,1
32.279,10.713,82,11,1
36.854,13.086,82,12,1
37.805,9.9985,82,13,1
32.768,13.126,82,14,1
39.005,15.663,82,15,1
43.727,8.8867,82,16,1
42.928,20.941,82,17,1
38.909,14.643,82,18,1
36.912,20.143,83,1,1
37.452,11.597,83,2,1
40.597,10.792,83,3,1
28.292,2.1198,83,4,1
32.44,3.8653,83,5,1
30.637,3.9066,83,6,1
38.825,11.782,83,8,1
29.429,6.8281,83,9,1
35.074,10.614,83,10,1
32.397,10.924,83,11,1
36.58,12.763,83,12,1
38.01,10.405,83,13,1
32.298,12.836,83,14,1
38.727,15.225,83,15,1
43.551,8.7805,83,16,1
42.719,20.668,83,17,1
38.523,14.418,83,18,1
37.186,20.343,84,1,1
37.554,11.781,84,2,1
40.789,10.993,84,3,1
28.049,1.7532,84,4,1
32.102,3.7382,84,5,1
30.243,3.714,84,6,1
38.644,11.523,84,8,1
28.989,6.6825,84,9,1
34.805,10.316,84,10,1
32.521,11.133,84,11,1
36.306,12.439,84,12,1
38.232,10.801,84,13,1
31.84,12.53,84,14,1
38.449,14.787,84,15,1
43.375,8.6744,84,16,1
42.51,20.394,84,17,1
38.137,14.191,84,18,1
37.459,20.543,85,1,1
37.655,11.968,85,2,1
40.978,11.197,85,3,1
27.787,1.3995,85,4,1
31.756,3.6546,85,5,1
29.848,3.5219,85,6,1
38.462,11.263,85,8,1
28.55,6.5292,85,9,1
34.536,10.017,85,10,1
32.651,11.339,85,11,1
36.032,12.115,85,12,1
38.469,11.188,85,13,1
31.393,12.209,85,14,1
38.17,14.35,85,15,1
43.2,8.5684,85,16,1
42.301,20.12,85,17,1
37.753,13.961,85,18,1
37.734,20.742,86,1,1
37.758,12.155,86,2,1
41.165,11.402,86,3,1
31.403,3.6097,86,5,1
29.45,3.3323,86,6,1
38.28,11.005,86,8,1
28.115,6.3666,86,9,1
34.266,9.7194,86,10,1
32.785,11.543,86,11,1
35.758,11.792,86,12,1
38.718,11.569,86,13,1
30.956,11.876,86,14,1
37.89,13.912,86,15,1
43.024,8.4623,86,16,1
42.091,19.846,86,17,1
37.373,13.727,86,18,1
38.009,20.939,87,1,1
37.863,12.343,87,2,1
41.351,11.609,87,3,1
31.046,3.5989,87,5,1
29.051,3.1437,87,6,1
38.096,10.748,87,8,1
27.684,6.1935,87,9,1
33.996,9.4219,87,10,1
32.922,11.746,87,11,1
35.485,11.467,87,12,1
38.965,11.952,87,13,1
30.527,11.532,87,14,1
37.61,13.476,87,15,1
42.848,8.3563,87,16,1
41.882,19.572,87,17,1
37.001,13.482,87,18,1
38.286,21.135,88,1,1
37.971,12.529,88,2,1
41.535,11.817,88,3,1
30.685,3.618,88,5,1
28.651,2.9544,88,6,1
37.909,10.493,88,8,1
27.257,6.0095,88,9,1
33.726,9.1244,88,10,1
33.059,11.95,88,11,1
35.214,11.142,88,12,1
39.181,12.348,88,13,1
30.109,11.176,88,14,1
37.329,13.039,88,15,1
42.672,8.2503,88,16,1
41.673,19.298,88,17,1
36.638,13.225,88,18,1
38.562,21.331,89,1,1
38.083,12.714,89,2,1
41.719,12.026,89,3,1
30.322,3.6635,89,5,1
28.252,2.7631,89,6,1
37.719,10.24,89,8,1
26.836,5.8136,89,9,1
33.456,8.8269,89,10,1
33.198,12.153,89,11,1
34.943,10.815,89,12,1
39.361,12.755,89,13,1
29.7,10.809,89,14,1
37.048,12.603,89,15,1
42.496,8.1443,89,16,1
41.464,19.024,89,17,1
36.283,12.959,89,18,1
38.838,21.528,90,1,1
38.196,12.899,90,2,1
41.902,12.235,90,3,1
29.958,3.7325,90,5,1
27.853,2.5681,90,6,1
37.533,9.985,90,8,1
26.42,5.6057,90,9,1
33.187,8.5295,90,10,1
33.339,12.356,90,11,1
34.674,10.487,90,12,1
39.51,13.171,90,13,1
29.298,10.433,90,14,1
36.784,12.158,90,15,1
42.321,8.0384,90,16,1
41.255,18.75,90,17,1
35.935,12.685,90,18,1
39.113,21.726,91,1,1
38.31,13.084,91,2,1
42.085,12.445,91,3,1
29.593,3.8223,91,5,1
27.456,2.3684,91,6,1
37.349,9.7277,91,8,1
26.011,5.3861,91,9,1
32.918,8.2319,91,10,1
33.481,12.557,91,11,1
34.408,10.158,91,12,1
39.64,13.595,91,13,1
28.902,10.051,91,14,1
36.504,11.726,91,15,1
42.145,7.9324,91,16,1
41.046,18.476,91,17,1
35.595,12.401,91,18,1
39.389,21.923,92,1,1
38.423,13.27,92,2,1
42.268,12.655,92,3,1
29.229,3.9307,92,5,1
27.062,2.163,92,6,1
37.167,9.4698,92,8,1
25.609,5.1552,92,9,1
32.651,7.9339,92,10,1
33.625,12.758,92,11,1
34.141,9.8278,92,12,1
39.757,14.025,92,13,1
28.512,9.6623,92,14,1
36.212,11.302,92,15,1
41.969,7.8265,92,16,1
40.837,18.202,92,17,1
35.263,12.109,92,18,1
39.664,22.121,93,1,1
38.538,13.456,93,2,1
42.45,12.865,93,3,1
28.865,4.0558,93,5,1
26.671,1.9514,93,6,1
36.983,9.2124,93,8,1
25.212,4.9136,93,9,1
32.383,7.6354,93,10,1
33.771,12.958,93,11,1
33.874,9.4988,93,12,1
39.865,14.46,93,13,1
28.126,9.2687,93,14,1
35.91,10.884,93,15,1
41.793,7.7205,93,16,1
40.627,17.928,93,17,1
34.936,11.811,93,18,1
39.939,22.32,94,1,1
38.653,13.643,94,2,1
42.633,13.075,94,3,1
28.502,4.1959,94,5,1
26.283,1.7338,94,6,1
36.798,8.9561,94,8,1
24.822,4.6623,94,9,1
32.117,7.3367,94,10,1
33.919,13.157,94,11,1
33.604,9.1717,94,12,1
39.969,14.898,94,13,1
27.742,8.8716,94,14,1
35.602,10.471,94,15,1
41.617,7.6146,94,16,1
40.418,17.654,94,17,1
34.613,11.508,94,18,1
40.214,22.518,95,1,1
38.768,13.828,95,2,1
42.815,13.285,95,3,1
28.141,4.3497,95,5,1
25.898,1.5105,95,6,1
36.611,8.7021,95,8,1
24.437,4.4019,95,9,1
31.85,7.0382,95,10,1
34.069,13.354,95,11,1
33.331,8.8473,95,12,1
40.07,15.34,95,13,1
27.36,8.4721,95,14,1
35.286,10.064,95,15,1
41.442,7.5087,95,16,1
40.209,17.38,95,17,1
34.293,11.201,95,18,1
40.488,22.717,96,1,1
38.885,14.014,96,2,1
42.997,13.496,96,3,1
27.782,4.516,96,5,1
25.515,1.2822,96,6,1
36.42,8.4505,96,8,1
24.057,4.1337,96,9,1
31.583,6.7401,96,10,1
34.222,13.549,96,11,1
33.055,8.5261,96,12,1
40.17,15.783,96,13,1
26.979,8.0713,96,14,1
34.964,9.661,96,15,1
41.266,7.4027,96,16,1
40,17.106,96,17,1
33.973,10.894,96,18,1
40.763,22.916,97,1,1
39.004,14.199,97,2,1
43.179,13.706,97,3,1
25.188,1.0197,97,6,1
36.225,8.2019,97,8,1
23.753,3.8353,97,9,1
31.313,6.4463,97,10,1
34.377,13.743,97,11,1
32.775,8.2082,97,12,1
40.269,16.229,97,13,1
34.629,9.2696,97,15,1
41.09,7.2968,97,16,1
39.791,16.832,97,17,1
33.653,10.586,97,18,1
41.037,23.115,98,1,1
39.125,14.382,98,2,1
43.362,13.916,98,3,1
24.862,0.74787,98,6,1
36.03,7.9532,98,8,1
23.518,3.5132,98,9,1
31.04,6.1561,98,10,1
34.533,13.935,98,11,1
32.492,7.8932,98,12,1
40.368,16.676,98,13,1
34.284,8.8879,98,15,1
40.914,7.1909,98,16,1
39.582,16.558,98,17,1
33.333,10.278,98,18,1
41.311,23.315,99,1,1
39.251,14.562,99,2,1
43.545,14.126,99,3,1
24.55,0.45966,99,6,1
35.835,7.7044,99,8,1
23.347,3.1729,99,9,1
30.766,5.869,99,10,1
34.692,14.126,99,11,1
32.205,7.5809,99,12,1
40.465,17.124,99,13,1
33.931,8.5143,99,15,1
40.738,7.085,99,16,1
39.386,16.276,99,17,1
33.012,9.9704,99,18,1
41.586,23.514,100,1,1
39.382,14.737,100,2,1
43.729,14.335,100,3,1
24.258,0.15268,100,6,1
35.637,7.4589,100,8,1
23.234,2.8195,100,9,1
30.489,5.5845,100,10,1
34.851,14.317,100,11,1
31.903,7.2907,100,12,1
40.555,17.575,100,13,1
33.57,8.147,100,15,1
40.563,6.9791,100,16,1
39.215,15.985,100,17,1
32.691,9.6622,100,18,1
41.86,23.714,101,1,1
39.517,14.909,101,2,1
43.915,14.542,101,3,1
24.023,-0.17549,101,6,1
35.435,7.2162,101,8,1
30.222,5.2925,101,10,1
35.012,14.507,101,11,1
31.6,6.9995,101,12,1
40.639,18.028,101,13,1
33.204,7.7849,101,15,1
40.387,6.8728,101,16,1
39.067,15.686,101,17,1
32.371,9.3534,101,18,1
42.134,23.913,102,1,1
39.656,15.078,102,2,1
44.102,14.748,102,3,1
23.842,-0.52057,102,6,1
35.23,6.9759,102,8,1
29.963,4.9945,102,10,1
35.172,14.696,102,11,1
31.296,6.7076,102,12,1
40.718,18.482,102,13,1
32.832,7.4272,102,15,1
40.212,6.7663,102,16,1
38.934,15.38,102,17,1
32.052,9.0437,102,18,1
42.408,24.113,103,1,1
39.796,15.247,103,2,1
44.291,14.952,103,3,1
35.023,6.7377,103,8,1
29.71,4.6918,103,10,1
35.333,14.886,103,11,1
30.993,6.415,103,12,1
40.795,18.937,103,13,1
32.457,7.0733,103,15,1
40.036,6.6606,103,16,1
38.811,15.069,103,17,1
31.733,8.7328,103,18,1
42.682,24.313,104,1,1
39.935,15.417,104,2,1
44.481,15.156,104,3,1
34.813,6.5014,104,8,1
29.461,4.3854,104,10,1
35.494,15.075,104,11,1
30.716,6.1049,104,12,1
40.871,19.393,104,13,1
32.078,6.7229,104,15,1
39.859,6.5555,104,16,1
38.702,14.753,104,17,1
31.416,8.4204,104,18,1
42.956,24.513,105,1,1
40.073,15.587,105,2,1
44.672,15.358,105,3,1
34.602,6.2667,105,8,1
29.216,4.0761,105,10,1
35.655,15.265,105,11,1
30.462,5.7802,105,12,1
40.95,19.849,105,13,1
31.695,6.376,105,15,1
39.683,6.4503,105,16,1
38.61,14.433,105,17,1
31.1,8.1063,105,18,1
43.23,24.713,106,1,1
40.21,15.759,106,2,1
44.864,15.559,106,3,1
34.389,6.0334,106,8,1
28.969,3.768,106,10,1
35.817,15.455,106,11,1
30.225,5.4434,106,12,1
41.031,20.305,106,13,1
31.309,6.0322,106,15,1
39.507,6.3451,106,16,1
38.533,14.108,106,17,1
30.786,7.7905,106,18,1
43.504,24.912,107,1,1
40.347,15.931,107,2,1
45.057,15.759,107,3,1
34.175,5.8013,107,8,1
28.722,3.4597,107,10,1
35.978,15.645,107,11,1
30.003,5.0967,107,12,1
41.117,20.76,107,13,1
30.923,5.6875,107,15,1
39.331,6.2397,107,16,1
38.467,13.781,107,17,1
30.474,7.4728,107,18,1
43.777,25.112,108,1,1
40.483,16.104,108,2,1
45.25,15.96,108,3,1
33.959,5.5702,108,8,1
28.476,3.1501,108,10,1
36.139,15.834,108,11,1
29.793,4.7417,108,12,1
41.206,21.215,108,13,1
30.538,5.3421,108,15,1
39.155,6.1342,108,16,1
38.41,13.451,108,17,1
30.163,7.1535,108,18,1
44.051,25.313,109,1,1
40.618,16.277,109,2,1
45.444,16.159,109,3,1
33.743,5.34,109,8,1
28.233,2.8388,109,10,1
36.3,16.024,109,11,1
29.592,4.3801,109,12,1
41.298,21.669,109,13,1
30.152,4.9963,109,15,1
38.979,6.0287,109,16,1
38.357,13.118,109,17,1
29.854,6.8325,109,18,1
44.325,25.513,110,1,1
40.753,16.45,110,2,1
45.638,16.359,110,3,1
33.526,5.1106,110,8,1
27.992,2.5257,110,10,1
36.46,16.214,110,11,1
29.398,4.0135,110,12,1
41.393,22.123,110,13,1
29.767,4.6504,110,15,1
38.803,5.9231,110,16,1
38.309,12.784,110,17,1
29.547,6.51,110,18,1
44.599,25.713,111,1,1
40.888,16.624,111,2,1
45.833,16.558,111,3,1
33.307,4.8818,111,8,1
27.753,2.2111,111,10,1
36.621,16.404,111,11,1
29.206,3.644,111,12,1
41.491,22.577,111,13,1
29.381,4.3047,111,15,1
38.627,5.8175,111,16,1
38.261,12.449,111,17,1
29.241,6.1862,111,18,1
44.873,25.913,112,1,1
41.023,16.798,112,2,1
46.027,16.757,112,3,1
33.089,4.6537,112,8,1
27.515,1.8952,112,10,1
36.782,16.595,112,11,1
29.011,3.2747,112,12,1
41.592,23.03,112,13,1
28.994,3.9592,112,15,1
38.451,5.7118,112,16,1
38.213,12.112,112,17,1
28.936,5.8611,112,18,1
45.146,26.113,113,1,1
41.158,16.973,113,2,1
46.222,16.956,113,3,1
32.869,4.426,113,8,1
27.279,1.5783,113,10,1
36.943,16.785,113,11,1
28.807,2.91,113,12,1
41.696,23.482,113,13,1
28.607,3.6143,113,15,1
38.275,5.6061,113,16,1
38.164,11.775,113,17,1
28.633,5.535,113,18,1
45.42,26.313,114,1,1
41.293,17.147,114,2,1
46.417,17.154,114,3,1
32.649,4.1988,114,8,1
27.044,1.2608,114,10,1
37.103,16.975,114,11,1
28.59,2.553,114,12,1
41.802,23.934,114,13,1
28.22,3.2699,114,15,1
38.099,5.5003,114,16,1
38.111,11.438,114,17,1
28.33,5.2078,114,18,1
45.694,26.513,115,1,1
41.428,17.321,115,2,1
46.612,17.353,115,3,1
32.429,3.9719,115,8,1
37.264,17.166,115,11,1
28.364,2.202,115,12,1
41.913,24.385,115,13,1
37.923,5.3945,115,16,1
38.052,11.102,115,17,1
28.029,4.8797,115,18,1
45.967,26.714,116,1,1
41.564,17.494,116,2,1
46.807,17.551,116,3,1
32.208,3.7454,116,8,1
37.425,17.356,116,11,1
28.129,1.8563,116,12,1
42.079,24.758,116,13,1
37.747,5.2887,116,16,1
37.964,10.78,116,17,1
27.728,4.5507,116,18,1
46.241,26.914,117,1,1
41.702,17.666,117,2,1
47.003,17.75,117,3,1
31.987,3.5191,117,8,1
37.585,17.546,117,11,1
27.886,1.5154,117,12,1
42.291,25.063,117,13,1
37.571,5.1829,117,16,1
37.852,10.47,117,17,1
27.428,4.2209,117,18,1
46.515,27.114,118,1,1
41.846,17.832,118,2,1
47.198,17.948,118,3,1
31.766,3.2931,118,8,1
37.746,17.737,118,11,1
27.637,1.1784,118,12,1
42.542,25.306,118,13,1
37.396,5.0771,118,16,1
37.72,10.17,118,17,1
27.129,3.8904,118,18,1
46.788,27.314,119,1,1
41.993,17.995,119,2,1
47.394,18.145,119,3,1
31.545,3.0674,119,8,1
37.906,17.927,119,11,1
27.382,0.84526,119,12,1
42.825,25.497,119,13,1
37.219,4.9726,119,16,1
37.57,9.8791,119,17,1
47.062,27.514,120,1,1
42.144,18.155,120,2,1
31.323,2.8418,120,8,1
38.067,18.118,120,11,1
43.135,25.639,120,13,1
37.041,4.8713,120,16,1
37.405,9.5957,120,17,1
47.336,27.715,121,1,1
42.296,18.313,121,2,1
31.101,2.6164,121,8,1
38.228,18.308,121,11,1
43.466,25.738,121,13,1
36.86,4.7753,121,16,1
37.227,9.3189,121,17,1
42.451,18.469,122,2,1
30.879,2.3911,122,8,1
38.388,18.499,122,11,1
43.814,25.798,122,13,1
36.676,4.686,122,16,1
37.038,9.0479,122,17,1
42.607,18.623,123,2,1
30.657,2.1659,123,8,1
38.549,18.689,123,11,1
44.177,25.826,123,13,1
36.489,4.6039,123,16,1
36.84,8.7819,123,17,1
42.765,18.777,124,2,1
30.434,1.9409,124,8,1
38.709,18.88,124,11,1
44.551,25.823,124,13,1
36.299,4.5289,124,16,1
36.634,8.5203,124,17,1
42.924,18.929,125,2,1
30.212,1.716,125,8,1
38.87,19.07,125,11,1
44.935,25.793,125,13,1
36.117,4.4428,125,16,1
36.421,8.2624,125,17,1
43.084,19.08,126,2,1
29.989,1.4911,126,8,1
39.03,19.261,126,11,1
45.325,25.739,126,13,1
35.94,4.3479,126,16,1
36.202,8.0079,126,17,1
43.245,19.23,127,2,1
29.767,1.2663,127,8,1
39.191,19.451,127,11,1
45.721,25.664,127,13,1
35.767,4.246,127,16,1
35.978,7.7561,127,17,1
43.406,19.38,128,2,1
29.544,1.0416,128,8,1
39.351,19.642,128,11,1
46.12,25.569,128,13,1
35.597,4.1386,128,16,1
35.75,7.5069,128,17,1
43.569,19.529,129,2,1
29.321,0.81699,129,8,1
39.512,19.832,129,11,1
46.523,25.456,129,13,1
35.429,4.027,129,16,1
35.518,7.2598,129,17,1
43.731,19.678,130,2,1
29.098,0.59239,130,8,1
39.672,20.023,130,11,1
46.926,25.327,130,13,1
35.264,3.9122,130,16,1
35.283,7.0146,130,17,1
43.895,19.825,131,2,1
28.876,0.36788,131,8,1
39.833,20.214,131,11,1
35.099,3.7949,131,16,1
35.045,6.7711,131,17,1
44.059,19.973,132,2,1
28.652,0.14369,132,8,1
39.993,20.404,132,11,1
34.935,3.6759,132,16,1
34.805,6.5289,132,17,1
44.223,20.12,133,2,1
28.429,-0.079943,133,8,1
40.154,20.595,133,11,1
34.771,3.5556,133,16,1
34.563,6.2881,133,17,1
44.388,20.267,134,2,1
28.205,-0.30405,134,8,1
40.314,20.785,134,11,1
34.608,3.4345,134,16,1
34.319,6.0483,134,17,1
44.552,20.414,135,2,1
27.982,-0.52838,135,8,1
40.474,20.976,135,11,1
34.445,3.3129,135,16,1
34.074,5.8094,135,17,1
44.718,20.56,136,2,1
27.759,-0.75277,136,8,1
40.635,21.166,136,11,1
34.281,3.1912,136,16,1
33.827,5.5714,136,17,1
44.883,20.706,137,2,1
27.536,-0.97717,137,8,1
40.795,21.357,137,11,1
34.117,3.0694,137,16,1
33.579,5.3341,137,17,1
45.048,20.852,138,2,1
27.313,-1.2016,138,8,1
40.956,21.548,138,11,1
33.953,2.9479,138,16,1
33.33,5.0975,138,17,1
45.214,20.998,139,2,1
41.116,21.738,139,11,1
33.789,2.8268,139,16,1
33.081,4.8614,139,17,1
45.38,21.144,140,2,1
41.277,21.929,140,11,1
33.623,2.7063,140,16,1
32.831,4.6257,140,17,1
45.546,21.289,141,2,1
41.437,22.119,141,11,1
33.458,2.5865,141,16,1
32.58,4.3906,141,17,1
45.712,21.435,142,2,1
41.598,22.31,142,11,1
33.291,2.4675,142,16,1
32.328,4.1557,142,17,1
45.878,21.58,143,2,1
41.758,22.5,143,11,1
33.124,2.3494,143,16,1
32.076,3.9213,143,17,1
46.044,21.726,144,2,1
41.919,22.691,144,11,1
32.956,2.2325,144,16,1
31.824,3.6871,144,17,1
46.21,21.871,145,2,1
42.079,22.882,145,11,1
32.786,2.1177,145,16,1
31.571,3.4531,145,17,1
46.376,22.016,146,2,1
42.24,23.072,146,11,1
32.615,2.0047,146,16,1
31.318,3.2194,146,17,1
46.543,22.161,147,2,1
42.4,23.263,147,11,1
32.443,1.8934,147,16,1
31.065,2.9859,147,17,1
46.709,22.306,148,2,1
42.561,23.453,148,11,1
32.27,1.7835,148,16,1
30.812,2.7526,148,17,1
46.876,22.451,149,2,1
42.721,23.644,149,11,1
32.097,1.6748,149,16,1
30.558,2.5194,149,17,1
47.042,22.596,150,2,1
42.882,23.834,150,11,1
31.922,1.5671,150,16,1
30.304,2.2864,150,17,1
47.209,22.741,151,2,1
43.042,24.025,151,11,1
31.747,1.4604,151,16,1
30.051,2.0534,151,17,1
47.375,22.886,152,2,1
43.202,24.216,152,11,1
31.572,1.3544,152,16,1
29.796,1.8206,152,17,1
43.363,24.406,153,11,1
31.396,1.249,153,16,1
29.542,1.5879,153,17,1
43.523,24.597,154,11,1
31.22,1.1443,154,16,1
29.288,1.3553,154,17,1
43.684,24.787,155,11,1
31.043,1.0401,155,16,1
29.034,1.1228,155,17,1
43.844,24.978,156,11,1
30.866,0.93633,156,16,1
28.779,0.89031,156,17,1
44.005,25.168,157,11,1
30.689,0.83293,157,16,1
28.526,0.65617,157,17,1
44.165,25.359,158,11,1
30.512,0.72987,158,16,1
28.275,0.4206,158,17,1
44.326,25.55,159,11,1
30.334,0.62711,159,16,1
28.024,0.18382,159,17,1
44.486,25.74,160,11,1
30.157,0.52459,160,16,1
27.775,-0.053956,160,17,1
44.647,25.931,161,11,1
29.979,0.4223,161,16,1
27.526,-0.29254,161,17,1
44.807,26.121,162,11,1
29.801,0.3202,162,16,1
44.968,26.312,163,11,1
29.623,0.21826,163,16,1
45.128,26.502,164,11,1
29.445,0.11648,164,16,1
45.289,26.693,165,11,1
29.266,0.014827,165,16,1
45.449,26.884,166,11,1
29.088,-0.086713,166,16,1
45.61,27.074,167,11,1
28.91,-0.18815,167,16,1
45.77,27.265,168,11,1
28.731,-0.2895,168,16,1
45.93,27.455,169,11,1
28.553,-0.39077,169,16,1
46.091,27.646,170,11,1
28.374,-0.49198,170,16,1
46.251,27.837,171,11,1
28.196,-0.59312,171,16,1
46.412,28.027,172,11,1
46.572,28.218,173,11,1
46.733,28.408,174,11,1
46.893,28.599,175,11,1
47.054,28.789,176,11,1
47.214,28.98,177,11,1
47.375,29.171,178,11,1
47.535,29.361,179,11,1
47.696,29.552,180,11,1
47.856,29.742,181,11,1
