320.29,113.08,-0.68589,1,1
319.99,113.23,-0.75198,1,1
319.61,113.36,-0.94843,1,1
319.95,112.97,-0.68589,2,1
319.17,113.45,-1.1124,1,1
319.65,113.12,-0.75162,2,1
318.67,113.52,-1.2491,1,1
319.27,113.25,-0.94813,2,1
318.12,113.55,-1.3611,1,1
318.83,113.35,-1.1137,2,1
317.54,113.56,-1.4515,1,1
318.33,113.44,-1.2532,2,1
316.93,113.53,-1.5234,1,1
317.78,113.52,-1.3708,2,1
316.29,113.5,-1.5985,1,1
317.19,113.58,-1.4698,2,1
315.64,113.45,-1.6399,1,1
316.57,113.63,-1.5533,2,1
314.97,113.37,-1.672,1,1
315.92,113.67,-1.6236,2,1
1.0702,150.79,0.58067,3,5
314.29,113.26,-1.6961,1,1
315.25,113.71,-1.6828,2,1
1.5425,151.05,1.1809,3,1
313.6,113.13,-1.7137,1,1
314.55,113.74,-1.7327,2,1
2.3183,151.26,1.9394,3,1
312.91,113,-1.7255,1,1
313.84,113.76,-1.7748,2,1
3.3497,151.44,2.5786,3,1
312.21,112.9,-1.7627,1,1
313.12,113.78,-1.8102,2,1
4.5966,151.6,3.1172,3,1
311.49,112.83,-1.796,1,1
312.38,113.79,-1.8401,2,1
6.0249,151.73,3.5709,3,1
310.76,112.78,-1.8254,1,1
311.64,113.8,-1.8652,2,1
7.6063,151.84,3.9533,3,1
310.02,112.74,-1.8509,1,1
310.88,113.81,-1.8864,2,1
9.3165,151.93,4.2755,3,1
309.27,112.72,-1.873,1,1
310.12,113.81,-1.9043,2,1
11.135,152.01,4.5469,3,1
308.51,112.71,-1.892,1,1
309.35,113.82,-1.9193,2,1
13.045,152.07,4.7757,3,1
0.84229,151.05,0.58067,4,1
307.75,112.7,-1.9083,1,1
308.58,113.82,-1.932,2,1
15.033,152.12,4.9684,3,1
1.163,151.03,0.80188,4,1
306.98,112.7,-1.9222,1,1
307.8,113.82,-1.9427,2,1
17.085,152.16,5.1307,3,1
1.5592,151.01,0.99048,4,1
306.21,112.7,-1.9341,1,1
307.02,113.82,-1.9517,2,1
19.192,152.19,5.2675,3,1
2.019,151,1.1494,4,1
305.43,112.7,-1.9445,1,1
306.24,113.81,-1.9593,2,1
21.345,152.21,5.3828,3,1
2.5323,150.98,1.2833,4,1
304.65,112.7,-1.9532,1,1
305.45,113.81,-1.9657,2,1
23.537,152.22,5.4799,3,1
3.0907,150.97,1.3961,4,1
303.86,112.7,-1.9606,1,1
304.66,113.8,-1.9711,2,1
25.762,152.23,5.5617,3,1
3.6872,150.96,1.4912,4,1
303.08,112.71,-1.9668,1,1
303.87,113.8,-1.9756,2,1
28.014,152.24,5.6306,3,1
4.3157,150.96,1.5713,4,1
302.29,112.71,-1.972,1,1
303.08,113.79,-1.9794,2,1
30.29,152.23,5.6887,3,1
4.9712,150.95,1.6387,4,1
301.5,112.71,-1.9764,1,1
302.29,113.79,-1.9826,2,1
32.585,152.23,5.7376,3,1
5.6495,150.94,1.6956,4,1
300.71,112.72,-1.9801,1,1
301.49,113.78,-1.9854,2,1
34.896,152.22,5.7789,3,1
6.3469,150.94,1.7435,4,1
299.91,112.72,-1.9832,1,1
300.7,113.77,-1.9876,2,1
37.222,152.2,5.8136,3,1
7.0604,150.94,1.7839,4,1
299.12,112.73,-1.9859,1,1
299.9,113.77,-1.9896,2,1
39.559,152.19,5.8428,3,1
7.7876,150.93,1.8179,4,1
298.32,112.73,-1.9881,1,1
299.11,113.76,-1.9912,2,1
41.906,152.17,5.8675,3,1
8.5262,150.93,1.8466,4,1
297.53,112.73,-1.9899,1,1
298.31,113.75,-1.9926,2,1
44.261,152.14,5.8882,3,1
9.2745,150.93,1.8707,4,1
296.73,112.74,-1.9915,1,1
297.51,113.74,-1.9937,2,1
46.623,152.12,5.9057,3,1
10.031,150.93,1.8911,4,1
319.87,113.11,-0.68589,5,5
295.93,112.74,-1.9929,1,1
296.72,113.73,-1.9947,2,1
48.992,152.09,5.9205,3,1
10.794,150.93,1.9082,4,1
319.29,112.99,-1.4303,5,1
295.14,112.75,-1.994,1,1
295.92,113.72,-1.9955,2,1
51.365,152.07,5.9329,3,1
11.563,150.92,1.9227,4,1
318.43,112.89,-2.1496,5,1
294.34,112.75,-1.9949,1,1
295.12,113.72,-1.9962,2,1
53.742,152.04,5.9433,3,1
12.337,150.92,1.9348,4,1
317.33,112.81,-2.7557,5,1
293.54,112.76,-1.9957,1,1
294.32,113.71,-1.9968,2,1
56.123,152.01,5.9521,3,1
13.115,150.92,1.9451,4,1
316.03,112.74,-3.2664,5,1
292.74,112.76,-1.9964,1,1
293.52,113.7,-1.9972,2,1
58.507,151.97,5.9595,3,1
13.897,150.92,1.9537,4,1
314.55,112.68,-3.6967,5,1
291.94,112.77,-1.9969,1,1
292.72,113.69,-1.9977,2,1
60.893,151.94,5.9657,3,1
14.681,150.92,1.961,4,1
312.92,112.64,-4.0593,5,1
291.14,112.77,-1.9974,1,1
291.92,113.68,-1.998,2,1
63.281,151.9,5.971,3,1
15.468,150.92,1.9672,4,1
311.18,112.6,-4.3647,5,1
290.34,112.78,-1.9978,1,1
291.12,113.67,-1.9983,2,1
65.672,151.87,5.9754,3,1
16.257,150.92,1.9723,4,1
309.33,112.56,-4.6221,5,1
289.55,112.78,-1.9982,1,1
290.32,113.66,-1.9985,2,1
68.063,151.83,5.9791,3,1
17.048,150.92,1.9767,4,1
307.39,112.54,-4.839,5,1
288.75,112.79,-1.9984,1,1
289.52,113.65,-1.9988,2,1
70.364,152.04,5.7527,3,1
17.84,150.92,1.9804,4,1
305.38,112.52,-5.0218,5,1
287.95,112.79,-1.9987,1,1
288.72,113.64,-1.9989,2,1
72.583,152.48,5.5471,3,1
18.633,150.92,1.9834,4,1
303.31,112.51,-5.1757,5,1
287.15,112.8,-1.9989,1,1
287.93,113.64,-1.9991,2,1
74.727,153.1,5.36,3,1
19.428,150.92,1.9861,4,1
301.19,112.5,-5.3055,5,1
286.35,112.81,-1.999,1,1
287.13,113.63,-1.9992,2,1
76.803,153.9,5.1896,3,1
20.223,150.92,1.9882,4,1
299.03,112.49,-5.4148,5,1
285.55,112.81,-1.9992,1,1
286.33,113.62,-1.9993,2,1
78.817,154.83,5.0342,3,1
21.019,150.92,1.9901,4,1
296.82,112.48,-5.5069,5,1
284.75,112.82,-1.9993,1,1
285.53,113.61,-1.9994,2,1
80.774,155.9,4.8923,3,1
21.816,150.92,1.9917,4,1
294.59,112.48,-5.5845,5,1
283.95,112.82,-1.9994,1,1
284.73,113.6,-1.9995,2,1
82.679,157.07,4.7625,3,1
22.613,150.92,1.993,4,1
292.33,112.48,-5.6499,5,1
283.15,112.83,-1.9995,1,1
283.93,113.59,-1.9995,2,1
84.536,158.34,4.6435,3,1
23.41,150.92,1.9941,4,1
290.05,112.49,-5.705,5,1
282.35,112.83,-1.9996,1,1
283.13,113.58,-1.9996,2,1
86.35,159.7,4.5342,3,1
24.208,150.92,1.995,4,1
287.75,112.49,-5.7514,5,1
281.55,112.84,-1.9996,1,1
282.33,113.57,-1.9996,2,1
88.123,161.12,4.4336,3,1
25.007,150.92,1.9958,4,1
285.43,112.5,-5.7905,5,1
280.75,112.85,-1.9996,1,1
281.53,113.56,-1.9997,2,1
89.859,162.62,4.3407,3,1
25.805,150.92,1.9965,4,1
283.1,112.5,-5.8235,5,1
279.95,112.87,-1.9983,1,1
280.73,113.55,-1.9997,2,1
91.561,164.17,4.2546,3,1
26.604,150.92,1.997,4,1
280.76,112.51,-5.8513,5,1
279.15,112.89,-1.9978,1,1
279.93,113.54,-1.9997,2,1
93.231,165.77,4.1745,3,1
27.403,150.92,1.9975,4,1
278.41,112.52,-5.8747,5,1
278.35,112.92,-1.9981,1,1
279.13,113.53,-1.9997,2,1
94.871,167.42,4.0996,3,1
28.202,150.92,1.9979,4,1
276.05,112.53,-5.8944,5,1
277.55,112.94,-1.9984,1,1
278.33,113.52,-1.9998,2,1
96.483,169.11,4.0293,3,1
29.002,150.92,1.9982,4,1
273.69,112.54,-5.911,5,1
276.75,112.96,-1.9987,1,1
277.53,113.51,-1.9998,2,1
98.068,170.83,3.9627,3,1
29.801,150.92,1.9985,4,1
271.32,112.56,-5.925,5,1
275.95,112.97,-1.9989,1,1
276.73,113.51,-1.9998,2,1
99.627,172.59,3.8992,3,1
30.6,150.92,1.9987,4,1
268.94,112.57,-5.9368,5,1
275.15,112.99,-1.999,1,1
275.93,113.5,-1.9998,2,1
101.16,174.38,3.8381,3,1
31.4,150.92,1.9989,4,1
266.57,112.58,-5.9467,5,1
274.35,113,-1.9992,1,1
275.13,113.49,-1.9998,2,1
102.67,176.19,3.7788,3,1
32.2,150.92,1.9991,4,1
264.18,112.59,-5.9551,5,1
273.55,113.01,-1.9993,1,1
274.33,113.48,-1.9998,2,1
104.05,178.08,3.4453,3,1
32.999,150.92,1.9992,4,1
261.8,112.61,-5.9621,5,1
272.75,113.02,-1.9994,1,1
273.53,113.47,-1.9998,2,1
105.19,180.05,2.8452,3,1
33.799,150.92,1.9994,4,1
259.41,112.62,-5.9681,5,1
271.95,113.03,-1.9995,1,1
272.73,113.46,-1.9998,2,1
106.14,182.09,2.3828,3,1
34.599,150.92,1.9995,4,1
257.02,112.63,-5.9731,5,1
271.15,113.03,-1.9996,1,1
271.93,113.45,-1.9998,2,1
106.94,184.19,1.9854,3,1
35.399,150.92,1.9995,4,1
254.63,112.65,-5.9773,5,1
270.35,113.04,-1.9997,1,1
271.13,113.44,-1.9998,2,1
107.62,186.33,1.6935,3,1
36.199,150.93,1.9996,4,1
252.24,112.66,-5.9808,5,1
269.55,113.05,-1.9997,1,1
270.33,113.43,-1.9998,2,1
108.16,188.51,1.362,3,1
36.998,150.93,1.9997,4,1
249.85,112.68,-5.9838,5,1
268.75,113.05,-1.9998,1,1
269.53,113.42,-1.9998,2,1
108.61,190.73,1.1142,3,1
37.798,150.93,1.9997,4,1
247.45,112.69,-5.9864,5,1
267.95,113.06,-1.9998,1,1
268.73,113.41,-1.9999,2,1
108.96,192.97,0.8953,3,1
38.598,150.93,1.9998,4,1
245.06,112.71,-5.9885,5,1
267.15,113.06,-1.9998,1,1
267.93,113.4,-1.9999,2,1
109.18,195.23,0.54604,3,1
39.398,150.93,1.9998,4,1
242.66,112.72,-5.9903,5,1
266.35,113.06,-1.9998,1,1
267.13,113.39,-1.9999,2,1
109.21,197.48,0.075659,3,1
40.198,150.93,1.9998,4,1
240.26,112.74,-5.9918,5,1
265.55,113.07,-1.9999,1,1
266.33,113.38,-1.9999,2,1
109,199.68,-0.52017,3,1
40.998,150.93,1.9999,4,1
237.87,112.75,-5.9931,5,1
264.75,113.07,-1.9999,1,1
265.53,113.37,-1.9999,2,1
108.48,201.67,-1.3024,3,1
41.798,150.93,1.9999,4,1
235.47,112.77,-5.9941,5,1
263.95,113.07,-1.9999,1,1
264.73,113.37,-1.9999,2,1
107.68,203.24,-1.996,3,1
42.598,150.93,1.9999,4,1
233.07,112.78,-5.995,5,1
263.15,113.07,-1.9999,1,1
263.93,113.36,-1.9999,2,1
107.23,204.87,-1.1325,3,1
43.398,150.93,1.9999,4,1
230.67,112.8,-5.9958,5,1
262.35,113.08,-1.9999,1,1
263.13,113.35,-1.9999,2,1
107.08,206.55,-0.38416,3,1
44.198,150.93,1.9999,4,1
228.27,112.81,-5.9964,5,1
261.55,113.08,-1.9999,1,1
262.33,113.34,-1.9999,2,1
107.18,208.26,0.24808,3,1
44.998,150.93,1.9999,4,1
225.87,112.83,-5.997,5,1
260.75,113.08,-2,1,1
261.53,113.33,-1.9999,2,1
107.56,209.93,0.95334,3,1
45.798,150.93,2,4,1
223.47,112.84,-5.9974,5,1
259.95,113.08,-2,1,1
260.73,113.32,-1.9999,2,1
108.07,211.67,1.268,3,1
46.598,150.93,2,4,1
221.08,112.86,-5.9978,5,1
259.16,113.08,-2,1,1
259.93,113.31,-1.9999,2,1
108.69,213.46,1.561,3,1
47.398,150.93,2,4,1
218.68,112.88,-5.9981,5,1
258.36,113.08,-2,1,1
259.13,113.3,-1.9999,2,1
109.42,215.29,1.8129,3,1
48.198,150.93,2,4,1
216.28,112.89,-5.9984,5,1
257.56,113.09,-2,1,1
258.33,113.29,-1.9999,2,1
110.24,217.14,2.053,3,1
48.998,150.93,2,4,1
213.88,112.91,-5.9986,5,1
256.76,113.09,-2,1,1
257.53,113.28,-1.9999,2,1
111.15,219.01,2.2778,3,1
49.798,150.93,2,4,1
211.48,112.92,-5.9988,5,1
255.96,113.09,-2,1,1
256.73,113.27,-1.9999,2,1
112.15,220.88,2.5046,3,1
50.598,150.93,2,4,1
209.08,112.94,-5.999,5,1
255.16,113.09,-2,1,1
255.93,113.26,-1.9999,2,1
113.24,222.75,2.7145,3,1
51.398,150.93,2,4,1
206.68,112.95,-5.9992,5,1
254.36,113.09,-2,1,1
255.13,113.25,-1.9999,2,1
114.41,224.59,2.9482,3,1
52.198,150.93,2,4,1
204.28,112.96,-5.9993,5,1
253.56,113.09,-2,1,1
254.33,113.24,-1.9999,2,1
115.71,226.37,3.2466,3,1
52.998,150.93,2,4,1
201.88,112.97,-5.9994,5,1
252.76,113.09,-2,1,1
253.53,113.23,-1.9999,2,1
117.16,228.01,3.6052,3,1
53.798,150.93,2,4,1
199.48,112.97,-5.9995,5,1
251.96,113.09,-2,1,1
252.73,113.23,-1.9999,2,1
118.75,229.4,3.9821,3,1
54.598,150.93,2,4,1
197.08,112.98,-5.9996,5,1
251.18,113.17,-1.9445,1,1
251.93,113.22,-1.9999,2,1
120.34,230.29,3.9904,3,1
55.398,150.93,2,4,1
194.68,112.98,-5.9996,5,1
250.42,113.3,-1.897,1,1
251.15,113.28,-1.9445,2,1
121.72,231.42,3.4422,3,1
56.198,150.93,2,4,1
192.28,112.97,-5.9997,5,1
249.67,113.48,-1.8657,1,1
250.39,113.4,-1.8972,2,1
122.96,232.74,3.0879,3,1
56.998,150.93,2,4,1
189.88,112.97,-5.9997,5,1
248.94,113.7,-1.837,1,1
249.65,113.58,-1.8566,2,1
124.07,234.22,2.7712,3,1
57.798,150.93,2,4,1
187.48,112.96,-5.9997,5,1
248.21,113.96,-1.8106,1,1
248.92,113.8,-1.8219,2,1
125.06,235.85,2.4956,3,1
58.598,150.93,2,4,1
185.15,112.74,-5.8312,5,1
247.5,114.25,-1.7862,1,1
248.2,114.06,-1.7922,2,1
125.96,237.59,2.2513,3,1
59.398,150.93,2,4,1
182.88,112.33,-5.6762,5,1
246.79,114.57,-1.7637,1,1
247.5,114.36,-1.7667,2,1
126.77,239.43,2.0113,3,1
60.198,150.93,2,4,1
180.66,111.76,-5.5331,5,1
246.1,114.9,-1.7431,1,1
246.8,114.67,-1.7449,2,1
127.48,241.35,1.7759,3,1
60.998,150.93,2,4,1
178.5,111.04,-5.4008,5,1
245.41,115.26,-1.7243,1,1
246.11,115.02,-1.7263,2,1
128.1,243.36,1.5419,3,1
61.798,150.93,2,4,1
176.39,110.19,-5.2781,5,1
244.72,115.64,-1.7074,1,1
245.43,115.38,-1.7103,2,1
128.62,245.42,1.3034,3,1
62.598,150.93,2,4,1
174.33,109.23,-5.1641,5,1
244.05,116.03,-1.6922,1,1
244.75,115.76,-1.6966,2,1
129.04,247.54,1.055,3,1
63.398,150.93,2,4,1
172.3,108.18,-5.0577,5,1
243.37,116.44,-1.6788,1,1
244.07,116.15,-1.6849,2,1
129.61,249.63,1.4396,3,1
64.198,150.94,2,4,1
170.32,107.03,-4.9582,5,1
242.71,116.85,-1.667,1,1
243.4,116.55,-1.6749,2,1
130.32,251.69,1.7731,3,1
64.998,150.94,2,4,1
168.37,105.8,-4.8647,5,1
242.05,117.28,-1.6568,1,1
242.74,116.97,-1.6663,2,1
131.15,253.74,2.0605,3,1
65.798,150.94,2,4,1
166.46,104.51,-4.7765,5,1
241.39,117.71,-1.6481,1,1
242.07,117.39,-1.6589,2,1
132.07,255.76,2.3109,3,1
66.598,150.94,2,4,1
164.59,103.15,-4.6929,5,1
240.73,118.15,-1.6407,1,1
241.41,117.82,-1.6526,2,1
133.08,257.76,2.5302,3,1
67.398,150.94,2,4,1
162.74,101.73,-4.613,5,1
240.08,118.59,-1.6345,1,1
240.75,118.26,-1.6472,2,1
134.17,259.74,2.7216,3,1
68.198,150.94,2,4,1
160.93,100.26,-4.5361,5,1
239.42,119.04,-1.6293,1,1
240.1,118.7,-1.6426,2,1
135.33,261.7,2.8875,3,1
68.998,150.94,2,4,1
159.14,98.749,-4.4613,5,1
238.77,119.5,-1.6251,1,1
239.44,119.15,-1.6386,2,1
136.54,263.65,3.0308,3,1
69.798,150.94,2,4,1
157.39,97.191,-4.3879,5,1
238.13,119.95,-1.6217,1,1
238.79,119.6,-1.6352,2,1
137.8,265.58,3.1545,3,1
70.598,150.94,2,4,1
155.66,95.592,-4.3145,5,1
237.48,120.41,-1.619,1,1
238.13,120.05,-1.6323,2,1
139.11,267.49,3.2614,3,1
71.398,150.94,2,4,1
154.01,93.92,-4.1188,5,1
236.83,120.87,-1.6169,1,1
237.48,120.51,-1.6298,2,1
140.45,269.4,3.3538,3,1
72.198,150.94,2,4,1
152.94,92.299,-2.6903,5,1
236.19,121.34,-1.6153,1,1
236.83,120.97,-1.6277,2,1
141.82,271.29,3.4337,3,1
72.998,150.94,2,4,1
151.66,90.845,-3.1852,5,1
235.54,121.8,-1.6141,1,1
236.18,121.43,-1.6259,2,1
143.22,273.18,3.503,3,1
73.798,150.94,2,4,1
150.24,89.489,-3.5704,5,1
234.89,122.27,-1.6132,1,1
235.53,121.89,-1.6243,2,1
144.65,275.06,3.5631,3,1
74.598,150.94,2,4,1
148.66,88.381,-3.9491,5,1
234.25,122.73,-1.6126,1,1
234.88,122.35,-1.623,2,1
146.09,276.92,3.6153,3,1
75.398,150.94,2,4,1
147.06,87.711,-4.0031,5,1
233.6,123.2,-1.6122,1,1
234.23,122.82,-1.6218,2,1
147.56,278.79,3.6607,3,1
76.198,150.94,2,4,1
145.79,86.779,-3.1559,5,1
232.96,123.67,-1.6119,1,1
233.58,123.28,-1.6208,2,1
149.04,280.64,3.7003,3,1
76.998,150.94,2,4,1
144.71,85.616,-2.7067,5,1
232.31,124.14,-1.6123,1,1
232.94,123.75,-1.62,2,1
150.53,282.49,3.7348,3,1
77.798,150.94,2,4,1
143.7,84.272,-2.5257,5,1
231.67,124.61,-1.6124,1,1
232.29,124.22,-1.6192,2,1
152.04,284.33,3.765,3,1
78.598,150.94,2,4,1
142.75,82.775,-2.3844,5,1
231.02,125.08,-1.6124,1,1
231.64,124.69,-1.6186,2,1
153.56,286.17,3.7915,3,1
79.398,150.94,2,4,1
141.84,81.149,-2.254,5,1
230.38,125.55,-1.6123,1,1
230.99,125.16,-1.6181,2,1
155.08,288,3.8147,3,1
80.198,150.94,2,4,1
141,79.412,-2.1226,5,1
229.73,126.02,-1.6126,1,1
230.35,125.63,-1.6176,2,1
156.62,289.83,3.8352,3,1
80.998,150.94,2,4,1
140.2,77.58,-1.9894,5,1
229.09,126.49,-1.6128,1,1
229.7,126.1,-1.6172,2,1
158.16,291.66,3.8533,3,1
81.798,150.94,2,4,1
139.46,75.664,-1.8525,5,1
228.44,126.96,-1.613,1,1
229.05,126.57,-1.6169,2,1
159.7,293.48,3.8693,3,1
82.598,150.94,2,4,1
138.77,73.677,-1.7098,5,1
227.8,127.43,-1.6131,1,1
228.41,127.04,-1.6166,2,1
161.26,295.3,3.8836,3,1
83.398,150.94,2,4,1
138.15,71.628,-1.5573,5,1
227.15,127.9,-1.6132,1,1
227.76,127.51,-1.6164,2,1
162.82,297.12,3.8964,3,1
84.198,150.94,2,4,1
137.4,69.6,-1.8797,5,1
226.51,128.37,-1.6132,1,1
227.11,127.98,-1.6162,2,1
164.38,298.93,3.9079,3,1
84.998,150.94,2,4,1
136.54,67.59,-2.157,5,1
225.86,128.84,-1.6133,1,1
226.47,128.45,-1.616,2,1
165.95,300.75,3.9182,3,1
85.798,150.94,2,4,1
135.58,65.599,-2.3954,5,1
225.22,129.32,-1.6133,1,1
225.82,128.92,-1.6158,2,1
167.52,302.56,3.9277,3,1
86.598,150.94,2,4,1
134.54,63.623,-2.6006,5,1
224.57,129.79,-1.6133,1,1
225.17,129.39,-1.6157,2,1
169.09,304.36,3.9363,3,1
87.398,150.94,2,4,1
133.43,61.662,-2.7772,5,1
223.93,130.26,-1.6133,1,1
224.53,129.86,-1.6156,2,1
170.67,306.17,3.9444,3,1
88.198,150.94,2,4,1
132.26,59.714,-2.9293,5,1
223.28,130.73,-1.6134,1,1
223.88,130.33,-1.6155,2,1
172.25,307.97,3.9519,3,1
88.998,150.94,2,4,1
131.03,57.779,-3.0603,5,1
222.64,131.2,-1.6135,1,1
223.24,130.8,-1.6154,2,1
173.83,309.77,3.9591,3,1
89.798,150.94,2,4,1
129.76,55.854,-3.1734,5,1
221.99,131.68,-1.6136,1,1
222.59,131.28,-1.6153,2,1
175.42,311.57,3.9662,3,1
90.598,150.94,2,4,1
128.45,53.94,-3.271,5,1
221.35,132.15,-1.6136,1,1
221.94,131.75,-1.6152,2,1
177.01,313.37,3.9733,3,1
91.398,150.94,2,4,1
127.11,52.036,-3.3553,5,1
220.7,132.62,-1.6137,1,1
221.3,132.22,-1.6152,2,1
178.6,315.16,3.9808,3,1
92.198,150.94,2,4,1
125.74,50.139,-3.4283,5,1
220.05,133.09,-1.6138,1,1
220.65,132.69,-1.6151,2,1
92.998,150.95,2,4,1
124.34,48.251,-3.4914,5,1
219.41,133.56,-1.6138,1,1
220.01,133.16,-1.6151,2,1
93.798,150.95,2,4,1
122.93,46.369,-3.5462,5,1
218.76,134.04,-1.6138,1,1
219.36,133.63,-1.6151,2,1
94.598,150.95,2,4,1
121.49,44.494,-3.5937,5,1
218.12,134.51,-1.6139,1,1
218.71,134.11,-1.615,2,1
95.398,150.95,2,4,1
120.03,42.624,-3.6351,5,1
217.47,134.98,-1.6139,1,1
218.07,134.58,-1.615,2,1
96.198,150.95,2,4,1
118.57,40.76,-3.671,5,1
216.83,135.45,-1.614,1,1
217.42,135.05,-1.615,2,1
96.998,150.95,2,4,1
117.08,38.9,-3.7024,5,1
216.18,135.93,-1.614,1,1
216.77,135.52,-1.615,2,1
97.798,150.95,2,4,1
115.59,37.045,-3.7299,5,1
215.54,136.4,-1.614,1,1
216.13,135.99,-1.615,2,1
98.598,150.95,2,4,1
114.09,35.194,-3.7539,5,1
214.89,136.87,-1.614,1,1
215.48,136.47,-1.6149,2,1
99.398,150.95,2,4,1
112.58,33.347,-3.775,5,1
214.24,137.34,-1.614,1,1
214.84,136.94,-1.6149,2,1
100.2,150.95,2,4,1
111.06,31.503,-3.7936,5,1
213.6,137.82,-1.6141,1,1
214.19,137.41,-1.6149,2,1
101,150.95,2,4,1
109.54,29.661,-3.81,5,1
212.95,138.29,-1.6141,1,1
213.55,137.88,-1.6149,2,1
101.8,150.95,2,4,1
108.01,27.823,-3.8245,5,1
212.31,138.76,-1.6141,1,1
212.9,138.35,-1.6149,2,1
102.6,150.95,2,4,1
106.48,25.988,-3.8374,5,1
211.66,139.23,-1.6141,1,1
212.25,138.83,-1.6149,2,1
103.4,150.95,2,4,1
104.94,24.154,-3.849,5,1
211.02,139.7,-1.6141,1,1
211.61,139.3,-1.6149,2,1
104.2,150.95,2,4,1
103.39,22.324,-3.8593,5,1
210.37,140.18,-1.6141,1,1
210.96,139.77,-1.6149,2,1
105,150.95,2,4,1
101.84,20.495,-3.8687,5,1
209.73,140.65,-1.6141,1,1
210.32,140.24,-1.6149,2,1
105.8,150.95,2,4,1
100.29,18.668,-3.8772,5,1
209.08,141.12,-1.6141,1,1
209.67,140.71,-1.6149,2,1
106.6,150.95,2,4,1
98.74,16.843,-3.885,5,1
208.43,141.59,-1.6141,1,1
209.02,141.19,-1.6149,2,1
107.4,150.95,2,4,1
97.183,15.02,-3.8923,5,1
207.79,142.07,-1.6141,1,1
208.38,141.66,-1.6149,2,1
108.2,150.95,2,4,1
95.623,13.199,-3.8991,5,1
207.14,142.54,-1.6141,1,1
207.73,142.13,-1.6149,2,1
109,150.95,2,4,1
94.061,11.379,-3.9056,5,1
206.5,143.01,-1.6141,1,1
207.09,142.6,-1.6149,2,1
109.8,150.95,2,4,1
92.496,9.5618,-3.9119,5,1
205.85,143.48,-1.6141,1,1
206.44,143.07,-1.6149,2,1
110.6,150.95,2,4,1
90.929,7.746,-3.9183,5,1
205.21,143.96,-1.6142,1,1
205.79,143.54,-1.6149,2,1
111.4,150.95,2,4,1
89.359,5.9323,-3.925,5,1
204.56,144.43,-1.6142,1,1
205.15,144.02,-1.6149,2,1
112.2,150.95,2,4,1
203.91,144.9,-1.6142,1,1
204.5,144.49,-1.6149,2,1
113,150.95,2,4,1
203.27,145.37,-1.6142,1,1
203.86,144.96,-1.6149,2,1
113.8,150.95,2,4,1
202.62,145.85,-1.6142,1,1
203.21,145.43,-1.6149,2,1
114.6,150.95,2,4,1
201.98,146.32,-1.6142,1,1
202.56,145.9,-1.6149,2,1
115.4,150.95,2,4,1
201.33,146.79,-1.6142,1,1
201.92,146.38,-1.6149,2,1
116.2,150.95,2,4,1
200.69,147.26,-1.6142,1,1
201.27,146.85,-1.6149,2,1
117,150.95,2,4,1
200.04,147.73,-1.6142,1,1
200.63,147.32,-1.6149,2,1
117.8,150.95,2,4,1
199.39,148.21,-1.6142,1,1
199.98,147.79,-1.6149,2,1
118.6,150.95,2,4,1
198.75,148.68,-1.6142,1,1
199.33,148.26,-1.6149,2,1
119.4,150.95,2,4,1
198.1,149.15,-1.6142,1,1
198.69,148.74,-1.6149,2,1
120.2,150.95,2,4,1
197.46,149.62,-1.6142,1,1
198.04,149.21,-1.6149,2,1
121,150.96,2,4,1
196.81,150.1,-1.6142,1,1
197.4,149.68,-1.6149,2,1
121.8,150.96,2,4,1
196.17,150.57,-1.6142,1,1
196.75,150.15,-1.6149,2,1
122.6,150.96,2,4,1
195.52,151.04,-1.6142,1,1
196.1,150.62,-1.6149,2,1
123.4,150.96,2,4,1
194.88,151.51,-1.6142,1,1
195.46,151.1,-1.6149,2,1
124.2,150.96,2,4,1
194.23,151.99,-1.6142,1,1
194.81,151.57,-1.6149,2,1
125,150.96,2,4,1
193.58,152.46,-1.6142,1,1
194.17,152.04,-1.6149,2,1
125.8,150.96,2,4,1
192.94,152.93,-1.6142,1,1
193.52,152.51,-1.6149,2,1
126.6,150.96,2,4,1
192.29,153.4,-1.6142,1,1
192.87,152.98,-1.6149,2,1
127.4,150.96,2,4,1
191.65,153.88,-1.6142,1,1
192.23,153.46,-1.6149,2,1
128.2,150.96,2,4,1
191,154.35,-1.6142,1,1
191.58,153.93,-1.6149,2,1
129,150.96,2,4,1
190.36,154.82,-1.6142,1,1
190.94,154.4,-1.6149,2,1
129.8,150.96,2,4,1
189.71,155.29,-1.6142,1,1
190.29,154.87,-1.6149,2,1
130.6,150.96,2,4,1
189.06,155.77,-1.6142,1,1
189.64,155.34,-1.6149,2,1
131.4,150.96,2,4,1
188.42,156.24,-1.6142,1,1
189,155.82,-1.6149,2,1
132.2,150.96,2,4,1
187.77,156.71,-1.6141,1,1
188.35,156.29,-1.6149,2,1
133,150.96,2,4,1
187.13,157.18,-1.6141,1,1
187.71,156.76,-1.6149,2,1
133.8,150.96,2,4,1
186.48,157.65,-1.6141,1,1
187.06,157.23,-1.6149,2,1
134.6,150.96,2,4,1
185.84,158.13,-1.6141,1,1
186.42,157.7,-1.6149,2,1
135.4,150.96,2,4,1
185.19,158.6,-1.6141,1,1
185.77,158.18,-1.6149,2,1
136.2,150.96,2,4,1
184.54,159.07,-1.6141,1,1
185.12,158.65,-1.6149,2,1
137,150.96,2,4,1
183.9,159.54,-1.6141,1,1
184.48,159.12,-1.6149,2,1
137.8,150.96,2,4,1
183.25,160.02,-1.6141,1,1
183.83,159.59,-1.6149,2,1
138.6,150.96,2,4,1
182.61,160.49,-1.6141,1,1
183.19,160.06,-1.6149,2,1
139.4,150.96,2,4,1
181.96,160.96,-1.6141,1,1
182.54,160.54,-1.6149,2,1
140.2,150.96,2,4,1
181.32,161.43,-1.6141,1,1
181.89,161.01,-1.6149,2,1
141,150.96,2,4,1
180.67,161.91,-1.6141,1,1
181.25,161.48,-1.6149,2,1
141.8,150.96,2,4,1
180.02,162.38,-1.6141,1,1
180.6,161.95,-1.6149,2,1
142.6,150.96,2,4,1
179.38,162.85,-1.6141,1,1
179.96,162.42,-1.6149,2,1
143.4,150.96,2,4,1
178.82,163.38,-1.3876,1,1
179.31,162.9,-1.6149,2,1
144.2,150.96,2,4,1
178.35,163.94,-1.1903,1,1
178.76,163.42,-1.3728,2,1
145,150.96,2,4,1
177.94,164.55,-1.0198,1,1
178.29,163.99,-1.1676,2,1
145.8,150.96,2,4,1
177.59,165.19,-0.87176,1,1
177.9,164.59,-0.99367,2,1
146.6,150.96,2,4,1
177.29,165.85,-0.74252,1,1
177.56,165.22,-0.84626,2,1
147.4,150.96,2,4,1
177.04,166.53,-0.62922,1,1
177.27,165.88,-0.72131,2,1
148.2,150.96,2,4,1
176.83,167.23,-0.52959,1,1
177.02,166.57,-0.61539,2,1
149,150.97,2,4,1
176.66,167.95,-0.42471,1,1
176.81,167.27,-0.52555,2,1
149.8,150.97,2,4,1
176.53,168.67,-0.32324,1,1
176.64,167.98,-0.4233,2,1
150.6,150.97,2,4,1
176.44,169.41,-0.23435,1,1
176.52,168.71,-0.31966,2,1
151.4,150.97,2,4,1
176.23,170.05,-0.51103,1,1
176.42,169.45,-0.23122,2,1
152.2,150.97,2,4,1
175.94,170.62,-0.73836,1,1
176.22,170.09,-0.5058,2,1
153,150.97,2,4,1
175.57,171.14,-0.9189,1,1
175.93,170.66,-0.73215,2,1
153.8,150.97,2,4,1
175.15,171.64,-1.0482,1,1
175.56,171.19,-0.91058,2,1
154.6,150.97,2,4,1
174.68,172.09,-1.1901,1,1
175.15,171.7,-1.0415,2,1
155.4,150.97,2,4,1
174.15,172.44,-1.3093,1,1
174.67,172.15,-1.1859,2,1
156.2,150.97,2,4,1
173.61,172.66,-1.3636,1,1
174.15,172.5,-1.3035,2,1
157,150.97,2,4,1
173.06,172.76,-1.377,1,1
173.61,172.72,-1.3584,2,1
157.8,150.97,2,4,1
172.51,172.75,-1.3699,1,1
173.06,172.82,-1.3739,2,1
158.6,150.97,2,4,1
172.02,172.87,-1.2143,1,1
172.51,172.81,-1.3698,2,1
159.4,150.97,2,4,1
171.51,172.89,-1.2733,1,1
172.03,172.93,-1.2063,2,1
160.2,150.97,2,4,1
170.97,172.87,-1.3679,1,1
171.52,172.95,-1.273,2,1
161,150.97,2,4,1
170.5,172.97,-1.1667,1,1
170.97,172.94,-1.3708,2,1
161.8,150.97,2,4,1
170.11,173.18,-0.97514,1,1
170.51,173.05,-1.151,2,1
162.6,150.97,2,4,1
169.78,173.49,-0.81578,1,1
170.13,173.26,-0.95266,2,1
163.4,150.97,2,4,1
169.51,173.88,-0.67726,1,1
169.81,173.57,-0.79077,2,1
164.2,150.97,2,4,1
169.29,174.32,-0.55423,1,1
169.55,173.96,-0.65535,2,1
165,150.97,2,4,1
169.11,174.83,-0.44354,1,1
169.33,174.41,-0.54102,2,1
165.8,150.97,2,4,1
168.97,175.38,-0.34309,1,1
169.16,174.92,-0.44421,2,1
166.6,150.97,2,4,1
168.87,175.97,-0.25148,1,1
169.01,175.47,-0.36217,2,1
167.4,150.97,2,4,1
168.81,176.58,-0.16784,1,1
168.89,176.06,-0.29263,2,1
168.2,150.97,2,4,1
168.77,177.23,-0.091693,1,1
168.8,176.69,-0.23369,2,1
169,150.97,2,4,1
168.76,177.89,-0.022749,1,1
168.73,177.34,-0.18372,2,1
169.8,150.97,2,4,1
168.78,178.57,0.039159,1,1
168.67,178.02,-0.14136,2,1
170.6,150.97,2,4,1
168.81,179.27,0.094102,1,1
168.63,178.71,-0.10546,2,1
171.4,150.97,2,4,1
168.87,179.98,0.14198,1,1
168.6,179.42,-0.075014,2,1
172.2,150.97,2,4,1
168.94,180.69,0.18235,1,1
168.58,180.15,-0.049206,2,1
173,150.97,2,4,1
169.03,181.41,0.21383,1,1
168.57,180.88,-0.027324,2,1
173.8,150.97,2,4,1
169.09,182.14,0.15513,1,1
168.56,181.63,-0.0087723,2,1
174.6,150.97,2,4,1
169.14,182.88,0.11309,1,1
168.57,182.38,0.0069577,2,1
175.4,150.97,2,4,1
169.17,183.63,0.083397,1,1
168.58,183.15,0.020296,2,1
176.2,150.97,2,4,1
169.2,184.39,0.062893,1,1
168.59,183.91,0.031606,2,1
177,150.98,2,4,1
169.22,185.15,0.049241,1,1
168.6,184.69,0.041196,2,1
177.8,150.98,2,4,1
169.23,185.92,0.04069,1,1
168.62,185.46,0.04933,2,1
178.6,150.98,2,4,1
169.25,186.69,0.035915,1,1
168.65,186.24,0.056228,2,1
179.4,150.98,2,4,1
169.26,187.47,0.033909,1,1
168.67,187.03,0.062078,2,1
180.2,150.98,2,4,1
169.27,188.25,0.033907,1,1
168.7,187.81,0.067039,2,1
181,150.98,2,4,1
169.29,189.03,0.035324,1,1
168.73,188.6,0.071248,2,1
181.8,150.98,2,4,1
169.3,189.82,0.037715,1,1
168.76,189.39,0.074817,2,1
182.6,150.98,2,4,1
169.32,190.6,0.040743,1,1
168.79,190.18,0.077845,2,1
183.4,150.98,2,4,1
169.34,191.39,0.044157,1,1
168.82,190.97,0.080414,2,1
184.2,150.98,2,4,1
169.36,192.18,0.047765,1,1
168.85,191.77,0.082593,2,1
185,150.98,2,4,1
169.38,192.98,0.051431,1,1
168.89,192.56,0.084441,2,1
185.8,150.98,2,4,1
169.4,193.77,0.055052,1,1
168.92,193.36,0.08601,2,1
186.6,150.98,2,4,1
169.42,194.56,0.058558,1,1
168.96,194.15,0.087341,2,1
187.4,150.98,2,4,1
169.45,195.36,0.061901,1,1
168.99,194.95,0.08847,2,1
188.2,150.98,2,4,1
169.47,196.15,0.065049,1,1
169.03,195.75,0.089428,2,1
189,150.98,2,4,1
169.5,196.95,0.067985,1,1
169.06,196.54,0.090241,2,1
189.8,150.98,2,4,1
169.53,197.75,0.0707,1,1
169.1,197.34,0.090932,2,1
190.6,150.98,2,4,1
169.56,198.54,0.073194,1,1
169.14,198.14,0.091517,2,1
191.4,150.98,2,4,1
169.59,199.34,0.075472,1,1
169.17,198.94,0.092015,2,1
192.2,150.98,2,4,1
169.62,200.14,0.07754,1,1
169.21,199.73,0.092437,2,1
193,150.98,2,4,1
169.65,200.94,0.079411,1,1
169.25,200.53,0.092795,2,1
193.8,150.98,2,4,1
169.68,201.74,0.081096,1,1
169.28,201.33,0.093099,2,1
194.6,150.98,2,4,1
169.72,202.53,0.082609,1,1
169.32,202.13,0.093357,2,1
195.4,150.98,2,4,1
169.75,203.33,0.083962,1,1
169.36,202.93,0.093576,2,1
196.2,150.98,2,4,1
169.78,204.13,0.085164,1,1
169.4,203.73,0.093763,2,1
197,150.98,2,4,1
169.82,204.93,0.086238,1,1
169.43,204.52,0.093921,2,1
197.8,150.98,2,4,1
169.85,205.73,0.087192,1,1
169.47,205.32,0.094055,2,1
198.6,150.98,2,4,1
169.89,206.53,0.088035,1,1
169.51,206.12,0.094169,2,1
199.4,150.98,2,4,1
169.92,207.33,0.088772,1,1
169.55,206.92,0.094266,2,1
200.2,150.98,2,4,1
169.96,208.13,0.089429,1,1
169.59,207.72,0.094348,2,1
201,150.98,2,4,1
170,208.92,0.090005,1,1
169.62,208.52,0.094418,2,1
201.8,150.98,2,4,1
170.03,209.72,0.090521,1,1
169.66,209.32,0.094477,2,1
202.6,150.98,2,4,1
170.07,210.52,0.090957,1,1
169.7,210.12,0.094528,2,1
203.4,150.98,2,4,1
170.1,211.32,0.091347,1,1
169.74,210.92,0.09457,2,1
204.2,150.98,2,4,1
170.14,212.12,0.091307,1,1
169.77,211.71,0.094607,2,1
205,150.99,2,4,1
170.18,212.92,0.091319,1,1
169.81,212.51,0.094638,2,1
205.8,150.99,2,4,1
170.21,213.72,0.091686,1,1
169.85,213.31,0.094664,2,1
206.6,150.99,2,4,1
170.25,214.52,0.09171,1,1
169.89,214.11,0.094686,2,1
207.4,150.99,2,4,1
170.29,215.32,0.091748,1,1
169.93,214.91,0.094705,2,1
208.2,150.99,2,4,1
170.32,216.12,0.092046,1,1
169.96,215.71,0.094721,2,1
209,150.99,2,4,1
170.36,216.92,0.092082,1,1
170,216.51,0.094735,2,1
209.8,150.99,2,4,1
170.4,217.72,0.092332,1,1
170.04,217.31,0.094747,2,1
210.6,150.99,2,4,1
170.43,218.52,0.092363,1,1
170.08,218.11,0.094757,2,1
211.4,150.99,2,4,1
170.47,219.32,0.092395,1,1
170.12,218.91,0.094765,2,1
212.2,150.99,2,4,1
170.51,220.12,0.092425,1,1
170.15,219.71,0.094772,2,1
213,150.99,2,4,1
170.55,220.92,0.092454,1,1
170.19,220.5,0.094779,2,1
213.8,150.99,2,4,1
170.58,221.72,0.092479,1,1
170.23,221.3,0.094784,2,1
214.6,150.99,2,4,1
170.62,222.52,0.092501,1,1
170.27,222.1,0.094788,2,1
215.4,150.99,2,4,1
170.66,223.32,0.09269,1,1
170.31,222.9,0.094792,2,1
216.2,150.99,2,4,1
170.69,224.12,0.092706,1,1
170.34,223.7,0.094795,2,1
217,150.99,2,4,1
170.73,224.92,0.092719,1,1
170.38,224.5,0.094798,2,1
217.8,150.99,2,4,1
170.77,225.72,0.092731,1,1
170.42,225.3,0.0948,2,1
218.6,150.99,2,4,1
170.81,226.52,0.092888,1,1
170.46,226.1,0.094802,2,1
219.4,150.99,2,4,1
170.84,227.32,0.092896,1,1
170.49,226.9,0.094803,2,1
220.2,150.99,2,4,1
170.88,228.12,0.093023,1,1
170.53,227.7,0.094803,2,1
221,150.99,2,4,1
170.92,228.91,0.093029,1,1
170.57,228.5,0.094803,2,1
221.8,150.99,2,4,1
170.95,229.71,0.093033,1,1
170.61,229.29,0.094804,2,1
222.6,150.99,2,4,1
170.99,230.51,0.093036,1,1
170.65,230.09,0.094804,2,1
223.4,150.99,2,4,1
171.03,231.31,0.09313,1,1
170.68,230.89,0.094805,2,1
224.2,150.99,2,4,1
171.07,232.11,0.093132,1,1
170.72,231.69,0.094805,2,1
225,150.99,2,4,1
171.1,232.91,0.093133,1,1
170.76,232.49,0.094805,2,1
225.8,150.99,2,4,1
171.14,233.71,0.093134,1,1
170.8,233.29,0.094806,2,1
226.6,150.99,2,4,1
171.18,234.51,0.093134,1,1
170.84,234.09,0.094806,2,1
227.4,150.99,2,4,1
171.21,235.31,0.093134,1,1
170.87,234.89,0.094806,2,1
228.2,150.99,2,4,1
171.25,236.11,0.093134,1,1
170.91,235.69,0.094806,2,1
229,150.99,2,4,1
171.29,236.91,0.093133,1,1
170.95,236.49,0.094807,2,1
229.8,150.99,2,4,1
171.33,237.71,0.093132,1,1
170.99,237.29,0.094807,2,1
230.6,150.99,2,4,1
171.36,238.51,0.093131,1,1
171.03,238.08,0.094807,2,1
231.4,150.99,2,4,1
171.4,239.31,0.09313,1,1
171.06,238.88,0.094808,2,1
232.2,150.99,2,4,1
171.44,240.11,0.093129,1,1
171.1,239.68,0.094808,2,1
233,151,2,4,1
171.48,240.91,0.093128,1,1
171.14,240.48,0.094808,2,1
233.8,151,2,4,1
171.51,241.71,0.093126,1,1
171.18,241.28,0.094808,2,1
234.6,151,2,4,1
171.55,242.51,0.093125,1,1
171.22,242.08,0.094808,2,1
235.4,151,2,4,1
171.59,243.31,0.093123,1,1
171.25,242.88,0.094808,2,1
236.2,151,2,4,1
171.62,244.11,0.093121,1,1
171.29,243.68,0.094809,2,1
237,151,2,4,1
171.66,244.91,0.09312,1,1
171.33,244.48,0.094809,2,1
237.8,151,2,4,1
171.7,245.71,0.093118,1,1
171.37,245.28,0.094809,2,1
238.6,151,2,4,1
171.74,246.51,0.093116,1,1
171.4,246.08,0.094809,2,1
239.4,151,2,4,1
171.77,247.31,0.093114,1,1
171.44,246.88,0.094809,2,1
240.2,151,2,4,1
171.81,248.11,0.093112,1,1
171.48,247.67,0.094809,2,1
241,151,2,4,1
171.85,248.91,0.093111,1,1
171.52,248.47,0.09481,2,1
241.8,151,2,4,1
171.89,249.71,0.093109,1,1
171.56,249.27,0.09481,2,1
242.6,151,2,4,1
171.92,250.5,0.093107,1,1
171.59,250.07,0.09481,2,1
243.4,151,2,4,1
171.96,251.3,0.093105,1,1
171.63,250.87,0.09481,2,1
244.2,151,2,4,1
172,252.1,0.093103,1,1
171.67,251.67,0.09481,2,1
245,151,2,4,1
172.03,252.9,0.093101,1,1
171.71,252.47,0.09481,2,1
245.8,151,2,4,1
172.07,253.7,0.093099,1,1
171.75,253.27,0.09481,2,1
246.6,151,2,4,1
172.11,254.5,0.093097,1,1
171.78,254.07,0.09481,2,1
247.4,151,2,4,1
172.15,255.3,0.093095,1,1
171.82,254.87,0.09481,2,1
248.2,151,2,4,1
172.18,256.1,0.093093,1,1
171.86,255.67,0.09481,2,1
249,151,2,4,1
172.22,256.9,0.093091,1,1
171.9,256.46,0.094811,2,1
249.8,151,2,4,1
172.26,257.7,0.093089,1,1
171.94,257.26,0.094811,2,1
250.6,151,2,4,1
172.29,258.5,0.093087,1,1
171.97,258.06,0.094811,2,1
251.4,151,2,4,1
172.33,259.3,0.093085,1,1
172.01,258.86,0.094811,2,1
252.2,151,2,4,1
172.37,260.1,0.093083,1,1
172.05,259.66,0.094811,2,1
253,151,2,4,1
172.41,260.9,0.093081,1,1
172.09,260.46,0.094811,2,1
253.8,151,2,4,1
172.44,261.7,0.093079,1,1
172.13,261.26,0.094811,2,1
254.6,151,2,4,1
172.48,262.5,0.093077,1,1
172.16,262.06,0.094811,2,1
255.4,151,2,4,1
172.52,263.3,0.093075,1,1
172.2,262.86,0.094811,2,1
256.2,151,2,4,1
172.56,264.1,0.093073,1,1
172.24,263.66,0.094812,2,1
257,151,2,4,1
172.59,264.9,0.093071,1,1
172.28,264.46,0.094812,2,1
257.8,151,2,4,1
172.63,265.7,0.093069,1,1
172.31,265.25,0.094812,2,1
258.6,151,2,4,1
172.67,266.5,0.093067,1,1
172.35,266.05,0.094812,2,1
259.4,151,2,4,1
172.7,267.3,0.093065,1,1
172.39,266.85,0.094812,2,1
260.2,150.99,1.9999,4,1
172.74,268.1,0.093063,1,1
172.43,267.65,0.094812,2,1
261,150.99,1.9999,4,1
172.78,268.9,0.093061,1,1
172.47,268.45,0.094812,2,1
261.8,150.98,1.9999,4,1
172.82,269.7,0.093059,1,1
172.5,269.25,0.094812,2,1
262.6,150.97,1.9999,4,1
172.85,270.5,0.093057,1,1
172.54,270.05,0.094813,2,1
263.4,150.97,1.9999,4,1
172.89,271.29,0.093055,1,1
172.58,270.85,0.094813,2,1
264.2,150.96,1.9999,4,1
172.93,272.09,0.093053,1,1
172.62,271.65,0.094813,2,1
265,150.95,1.9998,4,1
172.96,272.89,0.093051,1,1
172.66,272.45,0.094813,2,1
265.8,150.94,1.9998,4,1
173,273.69,0.093049,1,1
172.69,273.25,0.094813,2,1
266.6,150.93,1.9998,4,1
173.04,274.49,0.093047,1,1
172.73,274.04,0.094813,2,1
267.4,150.92,1.9998,4,1
173.08,275.29,0.093045,1,1
172.77,274.84,0.094813,2,1
268.2,150.91,1.9998,4,1
173.11,276.09,0.093043,1,1
172.81,275.64,0.094814,2,1
269,150.9,1.9998,4,1
173.15,276.89,0.093041,1,1
172.85,276.44,0.094814,2,1
269.77,150.82,1.942,4,1
173.19,277.69,0.09304,1,1
172.88,277.24,0.094814,2,1
270.53,150.67,1.8916,4,1
173.23,278.49,0.093038,1,1
172.92,278.04,0.094814,2,1
271.27,150.48,1.8471,4,1
173.26,279.29,0.093036,1,1
172.96,278.84,0.094814,2,1
271.99,150.24,1.8087,4,1
173.3,280.09,0.093034,1,1
173,279.64,0.094814,2,1
272.7,149.96,1.7756,4,1
173.34,280.89,0.093032,1,1
173.04,280.44,0.094815,2,1
273.4,149.65,1.7466,4,1
173.37,281.69,0.09303,1,1
173.07,281.24,0.094815,2,1
274.09,149.31,1.7208,4,1
173.41,282.49,0.092389,1,1
173.11,282.04,0.094815,2,1
274.77,148.95,1.6977,4,1
173.45,283.29,0.091805,1,1
173.15,282.83,0.094815,2,1
275.44,148.57,1.6773,4,1
173.48,284.09,0.091264,1,1
173.19,283.63,0.094815,2,1
276.1,148.17,1.6594,4,1
173.52,284.89,0.090752,1,1
173.23,284.43,0.094815,2,1
276.76,147.75,1.6439,4,1
173.56,285.69,0.090259,1,1
173.26,285.23,0.094816,2,1
277.41,147.32,1.6305,4,1
173.59,286.49,0.089773,1,1
173.3,286.03,0.094816,2,1
278.06,146.88,1.619,4,1
173.63,287.29,0.089287,1,1
173.34,286.83,0.094816,2,1
278.7,146.42,1.6091,4,1
173.66,288.09,0.088789,1,1
173.38,287.63,0.094817,2,1
279.34,145.97,1.6005,4,1
173.7,288.89,0.088269,1,1
173.41,288.43,0.094817,2,1
279.98,145.5,1.5931,4,1
173.73,289.69,0.087715,1,1
173.45,289.23,0.094818,2,1
280.62,145.03,1.5867,4,1
173.77,290.49,0.087114,1,1
173.49,290.03,0.094818,2,1
281.25,144.55,1.5812,4,1
173.8,291.3,0.086452,1,1
173.53,290.83,0.094819,2,1
281.88,144.07,1.5764,4,1
173.84,292.1,0.085232,1,1
173.57,291.62,0.094819,2,1
282.51,143.58,1.5723,4,1
173.87,292.9,0.083996,1,1
173.6,292.42,0.089865,2,1
283.14,143.09,1.5688,4,1
173.9,293.7,0.082183,1,1
173.64,293.22,0.085441,2,1
283.76,142.6,1.5657,4,1
173.94,294.5,0.079946,1,1
173.67,294.02,0.081475,2,1
284.39,142.11,1.5631,4,1
173.97,295.3,0.0774,1,1
173.7,294.82,0.077906,2,1
285.01,141.61,1.5608,4,1
174,296.11,0.074625,1,1
173.73,295.62,0.074679,2,1
285.64,141.11,1.5588,4,1
174.03,296.91,0.07471,1,1
173.76,296.42,0.071746,2,1
286.26,140.62,1.5571,4,1
174.06,297.71,0.074432,1,1
173.79,297.22,0.077793,2,1
286.88,140.12,1.5556,4,1
174.09,298.51,0.074827,1,1
173.82,298.02,0.08319,2,1
287.5,139.61,1.5543,4,1
174.12,299.31,0.075771,1,1
173.86,298.82,0.088025,2,1
288.12,139.11,1.5532,4,1
174.15,300.11,0.077081,1,1
173.9,299.62,0.092374,2,1
288.74,138.61,1.5523,4,1
174.18,300.91,0.078626,1,1
173.93,300.42,0.096302,2,1
289.37,138.11,1.5515,4,1
174.21,301.71,0.080289,1,1
173.97,301.22,0.09987,2,1
289.99,137.6,1.5507,4,1
174.29,302.5,0.2067,1,1
174.02,302.01,0.10313,2,1
290.61,137.1,1.5501,4,1
174.42,303.28,0.31793,1,1
174.11,302.8,0.22759,2,1
291.23,136.59,1.5496,4,1
174.59,304.04,0.41612,1,1
174.24,303.57,0.33636,2,1
291.85,136.09,1.5491,4,1
174.79,304.79,0.50268,1,1
174.41,304.34,0.43155,2,1
292.46,135.58,1.5487,4,1
175.02,305.53,0.57868,1,1
174.62,305.09,0.51496,2,1
293.08,135.08,1.5484,4,1
175.28,306.25,0.64488,1,1
174.85,305.84,0.58816,2,1
293.7,134.57,1.548,4,1
175.56,306.97,0.70161,1,1
175.12,306.57,0.65252,2,1
294.32,134.06,1.5478,4,1
175.84,307.69,0.70016,1,1
175.4,307.3,0.70921,2,1
294.94,133.56,1.5476,4,1
176.14,308.41,0.74509,1,1
175.7,308.02,0.75926,2,1
295.56,133.05,1.5474,4,1
176.44,309.12,0.75099,1,1
176.02,308.74,0.80355,2,1
296.18,132.54,1.5472,4,1
176.74,309.83,0.76433,1,1
176.36,309.45,0.84286,2,1
296.8,132.04,1.547,4,1
177.06,310.53,0.7903,1,1
176.71,310.16,0.87786,2,1
297.42,131.53,1.5469,4,1
177.39,311.23,0.82724,1,1
177.08,310.86,0.90914,2,1
298.04,131.02,1.5468,4,1
177.74,311.93,0.86395,1,1
177.45,311.55,0.9372,2,1
298.65,130.52,1.5467,4,1
178.1,312.61,0.89884,1,1
177.84,312.24,0.96252,2,1
299.27,130.01,1.5466,4,1
178.47,313.3,0.93134,1,1
178.23,312.93,0.98548,2,1
299.89,129.5,1.5465,4,1
178.85,313.98,0.96132,1,1
178.63,313.62,1.0064,2,1
300.51,128.99,1.5464,4,1
179.25,314.65,0.98888,1,1
179.04,314.3,1.0258,2,1
301.13,128.49,1.5464,4,1
301.75,127.98,1.5463,4,1
302.37,127.47,1.5463,4,1
302.98,126.96,1.5463,4,1
303.6,126.46,1.5462,4,1
304.22,125.95,1.5462,4,1
304.84,125.44,1.5462,4,1
305.46,124.93,1.5461,4,1
306.08,124.43,1.5461,4,1
306.69,123.92,1.5461,4,1
307.31,123.41,1.5461,4,1
307.93,122.9,1.5461,4,1
308.55,122.4,1.5461,4,1
309.17,121.89,1.546,4,1
309.79,121.38,1.546,4,1
310.41,120.87,1.546,4,1
311.02,120.37,1.546,4,1
311.64,119.86,1.546,4,1
312.26,119.35,1.546,4,1
312.88,118.84,1.546,4,1
313.5,118.34,1.546,4,1
314.12,117.83,1.546,4,1
314.73,117.32,1.546,4,1
